<metadata xml:lang="pt"><Esri><CreaDate>20161215</CreaDate><CreaTime>09435500</CreaTime><ArcGISFormat>1.0</ArcGISFormat><SyncOnce>FALSE</SyncOnce><DataProperties><itemProps><itemName Sync="TRUE">Anexo_09_Rede_de_Estruturacao_e_Transformacao_Urbana_Camara_2_2</itemName><imsContentType Sync="TRUE">002</imsContentType><itemLocation><linkage Sync="TRUE">file://\\P01160177\C$\PDP-2016\shapefile\shapefile - PROJETO_LEI_CAMARA\Anexo_09_Rede_de_Estruturacao_e_Transformacao_Urbana_Camara_2_2.shp</linkage><protocol Sync="TRUE">Local Area Network</protocol></itemLocation><itemSize Sync="TRUE">0.000</itemSize></itemProps><coordRef><type Sync="TRUE">Projected</type><geogcsn Sync="TRUE">GCS_South_American_1969</geogcsn><csUnits Sync="TRUE">Linear Unit: Meter (1.000000)</csUnits><projcsn Sync="TRUE">SAD_1969_UTM_Zone_23S</projcsn><peXml Sync="TRUE">&lt;ProjectedCoordinateSystem xsi:type='typens:ProjectedCoordinateSystem' xmlns:xsi='http://www.w3.org/2001/XMLSchema-instance' xmlns:xs='http://www.w3.org/2001/XMLSchema' xmlns:typens='http://www.esri.com/schemas/ArcGIS/10.1'&gt;&lt;WKT&gt;PROJCS[&amp;quot;SAD_1969_UTM_Zone_23S&amp;quot;,GEOGCS[&amp;quot;GCS_South_American_1969&amp;quot;,DATUM[&amp;quot;D_South_American_1969&amp;quot;,SPHEROID[&amp;quot;GRS_1967_Truncated&amp;quot;,6378160.0,298.25]],PRIMEM[&amp;quot;Greenwich&amp;quot;,0.0],UNIT[&amp;quot;Degree&amp;quot;,0.0174532925199433]],PROJECTION[&amp;quot;Transverse_Mercator&amp;quot;],PARAMETER[&amp;quot;False_Easting&amp;quot;,500000.0],PARAMETER[&amp;quot;False_Northing&amp;quot;,10000000.0],PARAMETER[&amp;quot;Central_Meridian&amp;quot;,-45.0],PARAMETER[&amp;quot;Scale_Factor&amp;quot;,0.9996],PARAMETER[&amp;quot;Latitude_Of_Origin&amp;quot;,0.0],UNIT[&amp;quot;Meter&amp;quot;,1.0],AUTHORITY[&amp;quot;EPSG&amp;quot;,29193]]&lt;/WKT&gt;&lt;XOrigin&gt;-5120900&lt;/XOrigin&gt;&lt;YOrigin&gt;1800&lt;/YOrigin&gt;&lt;XYScale&gt;450441042.12463194&lt;/XYScale&gt;&lt;ZOrigin&gt;-100000&lt;/ZOrigin&gt;&lt;ZScale&gt;10000&lt;/ZScale&gt;&lt;MOrigin&gt;-100000&lt;/MOrigin&gt;&lt;MScale&gt;10000&lt;/MScale&gt;&lt;XYTolerance&gt;0.001&lt;/XYTolerance&gt;&lt;ZTolerance&gt;0.001&lt;/ZTolerance&gt;&lt;MTolerance&gt;0.001&lt;/MTolerance&gt;&lt;HighPrecision&gt;true&lt;/HighPrecision&gt;&lt;WKID&gt;29183&lt;/WKID&gt;&lt;LatestWKID&gt;29193&lt;/LatestWKID&gt;&lt;/ProjectedCoordinateSystem&gt;</peXml></coordRef><lineage><Process ToolSource="c:\arquivos de programas\arcgis\desktop10.1\ArcToolbox\Toolboxes\Conversion Tools.tbx\FeatureClassToFeatureClass" Date="20160420" Time="100644">FeatureClassToFeatureClass centralidades R:\ssplat\dgeo\SIGJF_sigplan.sde\dbsig.SIGPLAN.PDP_2015_POS_CONFERENCIA_CAMARA CENTRALIDADES # "NOME "NOME" true true false 50 Text 0 0 ,First,#,C:\Documents and Settings\estagiario2\Meus documentos\ArcGIS\Default.gdb\centralidades,NOME,-1,-1;LEGENDA "LEGENDA" true true false 50 Text 0 0 ,First,#,C:\Documents and Settings\estagiario2\Meus documentos\ArcGIS\Default.gdb\centralidades,LEGENDA,-1,-1;SHAPE_Length "SHAPE_Length" false true true 8 Double 0 0 ,First,#,C:\Documents and Settings\estagiario2\Meus documentos\ArcGIS\Default.gdb\centralidades,SHAPE_Length,-1,-1;SHAPE_Area "SHAPE_Area" false true true 8 Double 0 0 ,First,#,C:\Documents and Settings\estagiario2\Meus documentos\ArcGIS\Default.gdb\centralidades,SHAPE_Area,-1,-1" #</Process><Process ToolSource="c:\program files (x86)\arcgis\desktop10.1\ArcToolbox\Toolboxes\Conversion Tools.tbx\FeatureClassToFeatureClass" Date="20160509" Time="155922">FeatureClassToFeatureClass Centralidade R:\ssplat\dgeo\SIGPLAN.sde\dbsig.SIGPLAN.PDP_2015_POS_CONFERENCIA_CAMARA CENTRALIDADES_F # "OBJECTID "OBJECTID" true true false 10 Double 0 10 ,First,#,R:\ssplat\dgeo\TELMA\CAMARA\Centralidade.shp,OBJECTID,-1,-1;NOME "NOME" true true false 50 Text 0 0 ,First,#,R:\ssplat\dgeo\TELMA\CAMARA\Centralidade.shp,NOME,-1,-1;LEGENDA "LEGENDA" true true false 50 Text 0 0 ,First,#,R:\ssplat\dgeo\TELMA\CAMARA\Centralidade.shp,LEGENDA,-1,-1;Shape_area "Shape_area" true true false 19 Double 0 0 ,First,#,R:\ssplat\dgeo\TELMA\CAMARA\Centralidade.shp,Shape_area,-1,-1;Shape_len "Shape_len" true true false 19 Double 0 0 ,First,#,R:\ssplat\dgeo\TELMA\CAMARA\Centralidade.shp,Shape_len,-1,-1" #</Process><Process ToolSource="c:\program files (x86)\arcgis\desktop10.1\ArcToolbox\Toolboxes\Conversion Tools.tbx\FeatureClassToFeatureClass" Date="20161215" Time="094600">FeatureClassToFeatureClass C:\PDP-2016\PDP.gdb\PROJETO_LEI_CAMARA\Anexo_09_Rede_de_Estruturacao_e_Transformacao_Urbana_Camara_2_2 "C:\PDP-2016\shapefile\shapefile - PROJETO_LEI_CAMARA" Anexo_09_Rede_de_Estruturacao_e_Transformacao_Urbana_Camara_2_2.shp # "OBJECTID "OBJECTID" true true false 8 Double 0 0 ,First,#,C:\PDP-2016\PDP.gdb\PROJETO_LEI_CAMARA\Anexo_09_Rede_de_Estruturacao_e_Transformacao_Urbana_Camara_2_2,OBJECTID,-1,-1;NOME "NOME" true true false 50 Text 0 0 ,First,#,C:\PDP-2016\PDP.gdb\PROJETO_LEI_CAMARA\Anexo_09_Rede_de_Estruturacao_e_Transformacao_Urbana_Camara_2_2,NOME,-1,-1;LEGENDA "LEGENDA" true true false 50 Text 0 0 ,First,#,C:\PDP-2016\PDP.gdb\PROJETO_LEI_CAMARA\Anexo_09_Rede_de_Estruturacao_e_Transformacao_Urbana_Camara_2_2,LEGENDA,-1,-1;Shape_Leng "Shape_Length" false true true 8 Double 0 0 ,First,#,C:\PDP-2016\PDP.gdb\PROJETO_LEI_CAMARA\Anexo_09_Rede_de_Estruturacao_e_Transformacao_Urbana_Camara_2_2,Shape_Length,-1,-1;Shape_Area "Shape_Area" false true true 8 Double 0 0 ,First,#,C:\PDP-2016\PDP.gdb\PROJETO_LEI_CAMARA\Anexo_09_Rede_de_Estruturacao_e_Transformacao_Urbana_Camara_2_2,Shape_Area,-1,-1" #</Process></lineage></DataProperties><SyncDate>20161215</SyncDate><SyncTime>09455900</SyncTime><ModDate>20161215</ModDate><ModTime>09455900</ModTime></Esri><dataIdInfo><envirDesc Sync="TRUE">Microsoft Windows 7 Version 6.1 (Build 7601) Service Pack 1; Esri ArcGIS 10.1.0.3035</envirDesc><dataLang><languageCode value="por" Sync="TRUE"/><countryCode value="BRA" Sync="TRUE"/></dataLang><idCitation><resTitle Sync="TRUE">Anexo_09_Rede_de_Estruturacao_e_Transformacao_Urbana_Camara_2_2</resTitle><presForm><PresFormCd value="005" Sync="TRUE"/></presForm></idCitation><spatRpType><SpatRepTypCd value="001" Sync="TRUE"/></spatRpType></dataIdInfo><mdLang><languageCode value="por" Sync="TRUE"/><countryCode value="BRA" Sync="TRUE"/></mdLang><distInfo><distFormat><formatName Sync="TRUE">Shapefile</formatName></distFormat><distTranOps><transSize Sync="TRUE">0.000</transSize></distTranOps></distInfo><mdHrLv><ScopeCd value="005" Sync="TRUE"/></mdHrLv><mdHrLvName Sync="TRUE">dataset</mdHrLvName><refSysInfo><RefSystem><refSysID><identCode code="29193" Sync="TRUE" value="29193"/><idCodeSpace Sync="TRUE">EPSG</idCodeSpace><idVersion Sync="TRUE">7.9.4</idVersion></refSysID></RefSystem></refSysInfo><spatRepInfo><VectSpatRep><geometObjs Name="Anexo_09_Rede_de_Estruturacao_e_Transformacao_Urbana_Camara_2_2"><geoObjTyp><GeoObjTypCd value="002" Sync="TRUE"></GeoObjTypCd></geoObjTyp><geoObjCnt Sync="TRUE">0</geoObjCnt></geometObjs><topLvl><TopoLevCd value="001" Sync="TRUE"></TopoLevCd></topLvl></VectSpatRep></spatRepInfo><spdoinfo><ptvctinf><esriterm Name="Anexo_09_Rede_de_Estruturacao_e_Transformacao_Urbana_Camara_2_2"><efeatyp Sync="TRUE">Simple</efeatyp><efeageom code="4" Sync="TRUE"></efeageom><esritopo Sync="TRUE">FALSE</esritopo><efeacnt Sync="TRUE">0</efeacnt><spindex Sync="TRUE">FALSE</spindex><linrefer Sync="TRUE">FALSE</linrefer></esriterm></ptvctinf></spdoinfo><eainfo><detailed Name="Anexo_09_Rede_de_Estruturacao_e_Transformacao_Urbana_Camara_2_2"><enttyp><enttypl Sync="TRUE">Anexo_09_Rede_de_Estruturacao_e_Transformacao_Urbana_Camara_2_2</enttypl><enttypt Sync="TRUE">Feature Class</enttypt><enttypc Sync="TRUE">0</enttypc></enttyp><attr><attrlabl Sync="TRUE">FID</attrlabl><attalias Sync="TRUE">FID</attalias><attrtype Sync="TRUE">OID</attrtype><attwidth Sync="TRUE">4</attwidth><atprecis Sync="TRUE">0</atprecis><attscale Sync="TRUE">0</attscale><attrdef Sync="TRUE">Internal feature number.</attrdef><attrdefs Sync="TRUE">Esri</attrdefs><attrdomv><udom Sync="TRUE">Sequential unique whole numbers that are automatically generated.</udom></attrdomv></attr><attr><attrlabl Sync="TRUE">OBJECTID</attrlabl><attalias Sync="TRUE">OBJECTID</attalias><attrtype Sync="TRUE">Double</attrtype><attwidth Sync="TRUE">19</attwidth><atprecis Sync="TRUE">0</atprecis><attscale Sync="TRUE">0</attscale><attrdef Sync="TRUE">Internal feature number.</attrdef><attrdefs Sync="TRUE">Esri</attrdefs><attrdomv><udom Sync="TRUE">Sequential unique whole numbers that are automatically generated.</udom></attrdomv></attr><attr><attrlabl Sync="TRUE">NOME</attrlabl><attalias Sync="TRUE">NOME</attalias><attrtype Sync="TRUE">String</attrtype><attwidth Sync="TRUE">50</attwidth><atprecis Sync="TRUE">0</atprecis><attscale Sync="TRUE">0</attscale></attr><attr><attrlabl Sync="TRUE">LEGENDA</attrlabl><attalias Sync="TRUE">LEGENDA</attalias><attrtype Sync="TRUE">String</attrtype><attwidth Sync="TRUE">50</attwidth><atprecis Sync="TRUE">0</atprecis><attscale Sync="TRUE">0</attscale></attr><attr><attrlabl Sync="TRUE">Shape</attrlabl><attalias Sync="TRUE">Shape</attalias><attrtype Sync="TRUE">Geometry</attrtype><attwidth Sync="TRUE">0</attwidth><atprecis Sync="TRUE">0</atprecis><attscale Sync="TRUE">0</attscale><attrdef Sync="TRUE">Feature geometry.</attrdef><attrdefs Sync="TRUE">Esri</attrdefs><attrdomv><udom Sync="TRUE">Coordinates defining the features.</udom></attrdomv></attr><attr><attrlabl Sync="TRUE">Shape_Leng</attrlabl><attalias Sync="TRUE">Shape_Leng</attalias><attrtype Sync="TRUE">Double</attrtype><attwidth Sync="TRUE">19</attwidth><atprecis Sync="TRUE">0</atprecis><attscale Sync="TRUE">0</attscale></attr><attr><attrlabl Sync="TRUE">Shape_Area</attrlabl><attalias Sync="TRUE">Shape_Area</attalias><attrtype Sync="TRUE">Double</attrtype><attwidth Sync="TRUE">19</attwidth><atprecis Sync="TRUE">0</atprecis><attscale Sync="TRUE">0</attscale><attrdef Sync="TRUE">Area of feature in internal units squared.</attrdef><attrdefs Sync="TRUE">Esri</attrdefs><attrdomv><udom Sync="TRUE">Positive real numbers that are automatically generated.</udom></attrdomv></attr></detailed></eainfo><mdDateSt Sync="TRUE">20161215</mdDateSt></metadata>
