latitude,longitude,time,point_index,speed_kmh
-21.71425604282143,-43.40818129073404,2025-08-03T05:00:00,0,20.8872
-21.717417010782437,-43.40704164270194,2025-08-03T05:02:13.333333,8,7.1712
-21.718720590555066,-43.406073406340624,2025-08-03T05:04:26.666666,6,3.3830999999999998
-21.718921743886302,-43.40726428923483,2025-08-03T05:06:39.999999,5,4.9815
-21.720145420590548,-43.40841908476862,2025-08-03T05:08:53.333332,4,5.305499999999999
-21.720279521514225,-43.41024149647037,2025-08-03T05:11:06.666665,3,5.1678
-21.719036688643843,-43.41020128503543,2025-08-03T05:13:19.999998,7,8.0946
-21.71697724990115,-43.408590499730664,2025-08-03T05:15:33.333331,2,9.4986
-21.714714548171766,-43.40778432378551,2025-08-03T05:17:46.666664,1,49.1751
-21.71425604282143,-43.40818129073404,2025-08-03T05:19:59.999997,0,0
-21.71425604282143,-43.40818129073404,2025-08-03T05:19:59.999997,0,20.8872
-21.717417010782437,-43.40704164270194,2025-08-03T05:22:13.333330,8,7.1712
-21.718720590555066,-43.406073406340624,2025-08-03T05:24:26.666663,6,3.3830999999999998
-21.718921743886302,-43.40726428923483,2025-08-03T05:26:39.999996,5,4.9815
-21.720145420590548,-43.40841908476862,2025-08-03T05:28:53.333329,4,5.305499999999999
-21.720279521514225,-43.41024149647037,2025-08-03T05:31:06.666662,3,5.1678
-21.719036688643843,-43.41020128503543,2025-08-03T05:33:19.999995,7,8.0946
-21.71697724990115,-43.408590499730664,2025-08-03T05:35:33.333328,2,9.4986
-21.714714548171766,-43.40778432378551,2025-08-03T05:37:46.666661,1,49.1751
-21.71425604282143,-43.40818129073404,2025-08-03T05:39:59.999994,0,0
-21.71425604282143,-43.40818129073404,2025-08-03T05:39:59.999994,0,20.8872
-21.717417010782437,-43.40704164270194,2025-08-03T05:42:13.333327,8,7.1712
-21.718720590555066,-43.406073406340624,2025-08-03T05:44:26.666660,6,3.3830999999999998
-21.718921743886302,-43.40726428923483,2025-08-03T05:46:39.999993,5,4.9815
-21.720145420590548,-43.40841908476862,2025-08-03T05:48:53.333326,4,5.305499999999999
-21.720279521514225,-43.41024149647037,2025-08-03T05:51:06.666659,3,5.1678
-21.719036688643843,-43.41020128503543,2025-08-03T05:53:19.999992,7,8.0946
-21.71697724990115,-43.408590499730664,2025-08-03T05:55:33.333325,2,9.4986
-21.714714548171766,-43.40778432378551,2025-08-03T05:57:46.666658,1,49.1751
-21.71425604282143,-43.40818129073404,2025-08-03T05:59:59.999991,0,0
-21.71425604282143,-43.40818129073404,2025-08-03T05:59:59.999991,0,20.8872
-21.717417010782437,-43.40704164270194,2025-08-03T06:02:13.333324,8,7.1712
-21.718720590555066,-43.406073406340624,2025-08-03T06:04:26.666657,6,3.3830999999999998
-21.718921743886302,-43.40726428923483,2025-08-03T06:06:39.999990,5,4.9815
-21.720145420590548,-43.40841908476862,2025-08-03T06:08:53.333323,4,5.305499999999999
-21.720279521514225,-43.41024149647037,2025-08-03T06:11:06.666656,3,5.1678
-21.719036688643843,-43.41020128503543,2025-08-03T06:13:19.999989,7,8.0946
-21.71697724990115,-43.408590499730664,2025-08-03T06:15:33.333322,2,9.4986
-21.714714548171766,-43.40778432378551,2025-08-03T06:17:46.666655,1,49.1751
-21.71425604282143,-43.40818129073404,2025-08-03T06:19:59.999988,0,0
-21.71425604282143,-43.40818129073404,2025-08-03T06:19:59.999988,0,20.8872
-21.717417010782437,-43.40704164270194,2025-08-03T06:22:13.333321,8,7.1712
-21.718720590555066,-43.406073406340624,2025-08-03T06:24:26.666654,6,3.3830999999999998
-21.718921743886302,-43.40726428923483,2025-08-03T06:26:39.999987,5,4.9815
-21.720145420590548,-43.40841908476862,2025-08-03T06:28:53.333320,4,5.305499999999999
-21.720279521514225,-43.41024149647037,2025-08-03T06:31:06.666653,3,5.1678
-21.719036688643843,-43.41020128503543,2025-08-03T06:33:19.999986,7,8.0946
-21.71697724990115,-43.408590499730664,2025-08-03T06:35:33.333319,2,9.4986
-21.714714548171766,-43.40778432378551,2025-08-03T06:37:46.666652,1,49.1751
-21.71425604282143,-43.40818129073404,2025-08-03T06:39:59.999985,0,0
-21.71425604282143,-43.40818129073404,2025-08-03T06:39:59.999985,0,20.8872
-21.717417010782437,-43.40704164270194,2025-08-03T06:42:13.333318,8,7.1712
-21.718720590555066,-43.406073406340624,2025-08-03T06:44:26.666651,6,3.3830999999999998
-21.718921743886302,-43.40726428923483,2025-08-03T06:46:39.999984,5,4.9815
-21.720145420590548,-43.40841908476862,2025-08-03T06:48:53.333317,4,5.305499999999999
-21.720279521514225,-43.41024149647037,2025-08-03T06:51:06.666650,3,5.1678
-21.719036688643843,-43.41020128503543,2025-08-03T06:53:19.999983,7,8.0946
-21.71697724990115,-43.408590499730664,2025-08-03T06:55:33.333316,2,9.4986
-21.714714548171766,-43.40778432378551,2025-08-03T06:57:46.666649,1,49.1751
-21.71425604282143,-43.40818129073404,2025-08-03T06:59:59.999982,0,0
-21.71425604282143,-43.40818129073404,2025-08-03T06:59:59.999982,0,20.8872
-21.717417010782437,-43.40704164270194,2025-08-03T07:02:13.333315,8,7.1712
-21.718720590555066,-43.406073406340624,2025-08-03T07:04:26.666648,6,3.3830999999999998
-21.718921743886302,-43.40726428923483,2025-08-03T07:06:39.999981,5,4.9815
-21.720145420590548,-43.40841908476862,2025-08-03T07:08:53.333314,4,5.305499999999999
-21.720279521514225,-43.41024149647037,2025-08-03T07:11:06.666647,3,5.1678
-21.719036688643843,-43.41020128503543,2025-08-03T07:13:19.999980,7,8.0946
-21.71697724990115,-43.408590499730664,2025-08-03T07:15:33.333313,2,9.4986
-21.714714548171766,-43.40778432378551,2025-08-03T07:17:46.666646,1,49.1751
-21.71425604282143,-43.40818129073404,2025-08-03T07:19:59.999979,0,0
-21.71425604282143,-43.40818129073404,2025-08-03T07:19:59.999979,0,20.8872
-21.717417010782437,-43.40704164270194,2025-08-03T07:22:13.333312,8,7.1712
-21.718720590555066,-43.406073406340624,2025-08-03T07:24:26.666645,6,3.3830999999999998
-21.718921743886302,-43.40726428923483,2025-08-03T07:26:39.999978,5,4.9815
-21.720145420590548,-43.40841908476862,2025-08-03T07:28:53.333311,4,5.305499999999999
-21.720279521514225,-43.41024149647037,2025-08-03T07:31:06.666644,3,5.1678
-21.719036688643843,-43.41020128503543,2025-08-03T07:33:19.999977,7,8.0946
-21.71697724990115,-43.408590499730664,2025-08-03T07:35:33.333310,2,9.4986
-21.714714548171766,-43.40778432378551,2025-08-03T07:37:46.666643,1,49.1751
-21.71425604282143,-43.40818129073404,2025-08-03T07:39:59.999976,0,0
-21.71425604282143,-43.40818129073404,2025-08-03T07:39:59.999976,0,20.8872
-21.717417010782437,-43.40704164270194,2025-08-03T07:42:13.333309,8,7.1712
-21.718720590555066,-43.406073406340624,2025-08-03T07:44:26.666642,6,3.3830999999999998
-21.718921743886302,-43.40726428923483,2025-08-03T07:46:39.999975,5,4.9815
-21.720145420590548,-43.40841908476862,2025-08-03T07:48:53.333308,4,5.305499999999999
-21.720279521514225,-43.41024149647037,2025-08-03T07:51:06.666641,3,5.1678
-21.719036688643843,-43.41020128503543,2025-08-03T07:53:19.999974,7,8.0946
-21.71697724990115,-43.408590499730664,2025-08-03T07:55:33.333307,2,9.4986
-21.714714548171766,-43.40778432378551,2025-08-03T07:57:46.666640,1,49.1751
-21.71425604282143,-43.40818129073404,2025-08-03T07:59:59.999973,0,0
-21.71425604282143,-43.40818129073404,2025-08-03T07:59:59.999973,0,20.8872
-21.717417010782437,-43.40704164270194,2025-08-03T08:02:13.333306,8,7.1712
-21.718720590555066,-43.406073406340624,2025-08-03T08:04:26.666639,6,3.3830999999999998
-21.718921743886302,-43.40726428923483,2025-08-03T08:06:39.999972,5,4.9815
-21.720145420590548,-43.40841908476862,2025-08-03T08:08:53.333305,4,5.305499999999999
-21.720279521514225,-43.41024149647037,2025-08-03T08:11:06.666638,3,5.1678
-21.719036688643843,-43.41020128503543,2025-08-03T08:13:19.999971,7,8.0946
-21.71697724990115,-43.408590499730664,2025-08-03T08:15:33.333304,2,9.4986
-21.714714548171766,-43.40778432378551,2025-08-03T08:17:46.666637,1,49.1751
-21.71425604282143,-43.40818129073404,2025-08-03T08:19:59.999970,0,0
-21.71425604282143,-43.40818129073404,2025-08-03T08:19:59.999970,0,20.8872
-21.717417010782437,-43.40704164270194,2025-08-03T08:22:13.333303,8,7.1712
-21.718720590555066,-43.406073406340624,2025-08-03T08:24:26.666636,6,3.3830999999999998
-21.718921743886302,-43.40726428923483,2025-08-03T08:26:39.999969,5,4.9815
-21.720145420590548,-43.40841908476862,2025-08-03T08:28:53.333302,4,5.305499999999999
-21.720279521514225,-43.41024149647037,2025-08-03T08:31:06.666635,3,5.1678
-21.719036688643843,-43.41020128503543,2025-08-03T08:33:19.999968,7,8.0946
-21.71697724990115,-43.408590499730664,2025-08-03T08:35:33.333301,2,9.4986
-21.714714548171766,-43.40778432378551,2025-08-03T08:37:46.666634,1,49.1751
-21.71425604282143,-43.40818129073404,2025-08-03T08:39:59.999967,0,0
-21.71425604282143,-43.40818129073404,2025-08-03T08:39:59.999967,0,20.8872
-21.717417010782437,-43.40704164270194,2025-08-03T08:42:13.333300,8,7.1712
-21.718720590555066,-43.406073406340624,2025-08-03T08:44:26.666633,6,3.3830999999999998
-21.718921743886302,-43.40726428923483,2025-08-03T08:46:39.999966,5,4.9815
-21.720145420590548,-43.40841908476862,2025-08-03T08:48:53.333299,4,5.305499999999999
-21.720279521514225,-43.41024149647037,2025-08-03T08:51:06.666632,3,5.1678
-21.719036688643843,-43.41020128503543,2025-08-03T08:53:19.999965,7,8.0946
-21.71697724990115,-43.408590499730664,2025-08-03T08:55:33.333298,2,9.4986
-21.714714548171766,-43.40778432378551,2025-08-03T08:57:46.666631,1,49.1751
-21.71425604282143,-43.40818129073404,2025-08-03T08:59:59.999964,0,0
-21.71425604282143,-43.40818129073404,2025-08-03T08:59:59.999964,0,20.8872
-21.717417010782437,-43.40704164270194,2025-08-03T09:02:13.333297,8,7.1712
-21.718720590555066,-43.406073406340624,2025-08-03T09:04:26.666630,6,3.3830999999999998
-21.718921743886302,-43.40726428923483,2025-08-03T09:06:39.999963,5,4.9815
-21.720145420590548,-43.40841908476862,2025-08-03T09:08:53.333296,4,5.305499999999999
-21.720279521514225,-43.41024149647037,2025-08-03T09:11:06.666629,3,5.1678
-21.719036688643843,-43.41020128503543,2025-08-03T09:13:19.999962,7,8.0946
-21.71697724990115,-43.408590499730664,2025-08-03T09:15:33.333295,2,9.4986
-21.714714548171766,-43.40778432378551,2025-08-03T09:17:46.666628,1,49.1751
-21.71425604282143,-43.40818129073404,2025-08-03T09:19:59.999961,0,0
-21.71425604282143,-43.40818129073404,2025-08-03T09:19:59.999961,0,20.8872
-21.717417010782437,-43.40704164270194,2025-08-03T09:22:13.333294,8,7.1712
-21.718720590555066,-43.406073406340624,2025-08-03T09:24:26.666627,6,3.3830999999999998
-21.718921743886302,-43.40726428923483,2025-08-03T09:26:39.999960,5,4.9815
-21.720145420590548,-43.40841908476862,2025-08-03T09:28:53.333293,4,5.305499999999999
-21.720279521514225,-43.41024149647037,2025-08-03T09:31:06.666626,3,5.1678
-21.719036688643843,-43.41020128503543,2025-08-03T09:33:19.999959,7,8.0946
-21.71697724990115,-43.408590499730664,2025-08-03T09:35:33.333292,2,9.4986
-21.714714548171766,-43.40778432378551,2025-08-03T09:37:46.666625,1,49.1751
-21.71425604282143,-43.40818129073404,2025-08-03T09:39:59.999958,0,0
-21.71425604282143,-43.40818129073404,2025-08-03T09:39:59.999958,0,20.8872
-21.717417010782437,-43.40704164270194,2025-08-03T09:42:13.333291,8,7.1712
-21.718720590555066,-43.406073406340624,2025-08-03T09:44:26.666624,6,3.3830999999999998
-21.718921743886302,-43.40726428923483,2025-08-03T09:46:39.999957,5,4.9815
-21.720145420590548,-43.40841908476862,2025-08-03T09:48:53.333290,4,5.305499999999999
-21.720279521514225,-43.41024149647037,2025-08-03T09:51:06.666623,3,5.1678
-21.719036688643843,-43.41020128503543,2025-08-03T09:53:19.999956,7,8.0946
-21.71697724990115,-43.408590499730664,2025-08-03T09:55:33.333289,2,9.4986
-21.714714548171766,-43.40778432378551,2025-08-03T09:57:46.666622,1,49.1751
-21.71425604282143,-43.40818129073404,2025-08-03T09:59:59.999955,0,0
-21.71425604282143,-43.40818129073404,2025-08-03T09:59:59.999955,0,20.8872
-21.717417010782437,-43.40704164270194,2025-08-03T10:02:13.333288,8,7.1712
-21.718720590555066,-43.406073406340624,2025-08-03T10:04:26.666621,6,3.3830999999999998
-21.718921743886302,-43.40726428923483,2025-08-03T10:06:39.999954,5,4.9815
-21.720145420590548,-43.40841908476862,2025-08-03T10:08:53.333287,4,5.305499999999999
-21.720279521514225,-43.41024149647037,2025-08-03T10:11:06.666620,3,5.1678
-21.719036688643843,-43.41020128503543,2025-08-03T10:13:19.999953,7,8.0946
-21.71697724990115,-43.408590499730664,2025-08-03T10:15:33.333286,2,9.4986
-21.714714548171766,-43.40778432378551,2025-08-03T10:17:46.666619,1,49.1751
-21.71425604282143,-43.40818129073404,2025-08-03T10:19:59.999952,0,0
-21.71425604282143,-43.40818129073404,2025-08-03T10:19:59.999952,0,20.8872
-21.717417010782437,-43.40704164270194,2025-08-03T10:22:13.333285,8,7.1712
-21.718720590555066,-43.406073406340624,2025-08-03T10:24:26.666618,6,3.3830999999999998
-21.718921743886302,-43.40726428923483,2025-08-03T10:26:39.999951,5,4.9815
-21.720145420590548,-43.40841908476862,2025-08-03T10:28:53.333284,4,5.305499999999999
-21.720279521514225,-43.41024149647037,2025-08-03T10:31:06.666617,3,5.1678
-21.719036688643843,-43.41020128503543,2025-08-03T10:33:19.999950,7,8.0946
-21.71697724990115,-43.408590499730664,2025-08-03T10:35:33.333283,2,9.4986
-21.714714548171766,-43.40778432378551,2025-08-03T10:37:46.666616,1,49.1751
-21.71425604282143,-43.40818129073404,2025-08-03T10:39:59.999949,0,0
-21.71425604282143,-43.40818129073404,2025-08-03T10:39:59.999949,0,20.8872
-21.717417010782437,-43.40704164270194,2025-08-03T10:42:13.333282,8,7.1712
-21.718720590555066,-43.406073406340624,2025-08-03T10:44:26.666615,6,3.3830999999999998
-21.718921743886302,-43.40726428923483,2025-08-03T10:46:39.999948,5,4.9815
-21.720145420590548,-43.40841908476862,2025-08-03T10:48:53.333281,4,5.305499999999999
-21.720279521514225,-43.41024149647037,2025-08-03T10:51:06.666614,3,5.1678
-21.719036688643843,-43.41020128503543,2025-08-03T10:53:19.999947,7,8.0946
-21.71697724990115,-43.408590499730664,2025-08-03T10:55:33.333280,2,9.4986
-21.714714548171766,-43.40778432378551,2025-08-03T10:57:46.666613,1,49.1751
-21.71425604282143,-43.40818129073404,2025-08-03T10:59:59.999946,0,0
-21.71425604282143,-43.40818129073404,2025-08-03T10:59:59.999946,0,20.8872
-21.717417010782437,-43.40704164270194,2025-08-03T11:02:13.333279,8,7.1712
-21.718720590555066,-43.406073406340624,2025-08-03T11:04:26.666612,6,3.3830999999999998
-21.718921743886302,-43.40726428923483,2025-08-03T11:06:39.999945,5,4.9815
-21.720145420590548,-43.40841908476862,2025-08-03T11:08:53.333278,4,5.305499999999999
-21.720279521514225,-43.41024149647037,2025-08-03T11:11:06.666611,3,5.1678
-21.719036688643843,-43.41020128503543,2025-08-03T11:13:19.999944,7,8.0946
-21.71697724990115,-43.408590499730664,2025-08-03T11:15:33.333277,2,9.4986
-21.714714548171766,-43.40778432378551,2025-08-03T11:17:46.666610,1,49.1751
-21.71425604282143,-43.40818129073404,2025-08-03T11:19:59.999943,0,0
-21.71425604282143,-43.40818129073404,2025-08-03T11:19:59.999943,0,20.8872
-21.717417010782437,-43.40704164270194,2025-08-03T11:22:13.333276,8,7.1712
-21.718720590555066,-43.406073406340624,2025-08-03T11:24:26.666609,6,3.3830999999999998
-21.718921743886302,-43.40726428923483,2025-08-03T11:26:39.999942,5,4.9815
-21.720145420590548,-43.40841908476862,2025-08-03T11:28:53.333275,4,5.305499999999999
-21.720279521514225,-43.41024149647037,2025-08-03T11:31:06.666608,3,5.1678
-21.719036688643843,-43.41020128503543,2025-08-03T11:33:19.999941,7,8.0946
-21.71697724990115,-43.408590499730664,2025-08-03T11:35:33.333274,2,9.4986
-21.714714548171766,-43.40778432378551,2025-08-03T11:37:46.666607,1,49.1751
-21.71425604282143,-43.40818129073404,2025-08-03T11:39:59.999940,0,0
-21.71425604282143,-43.40818129073404,2025-08-03T11:39:59.999940,0,20.8872
-21.717417010782437,-43.40704164270194,2025-08-03T11:42:13.333273,8,7.1712
-21.718720590555066,-43.406073406340624,2025-08-03T11:44:26.666606,6,3.3830999999999998
-21.718921743886302,-43.40726428923483,2025-08-03T11:46:39.999939,5,4.9815
-21.720145420590548,-43.40841908476862,2025-08-03T11:48:53.333272,4,5.305499999999999
-21.720279521514225,-43.41024149647037,2025-08-03T11:51:06.666605,3,5.1678
-21.719036688643843,-43.41020128503543,2025-08-03T11:53:19.999938,7,8.0946
-21.71697724990115,-43.408590499730664,2025-08-03T11:55:33.333271,2,9.4986
-21.714714548171766,-43.40778432378551,2025-08-03T11:57:46.666604,1,49.1751
-21.71425604282143,-43.40818129073404,2025-08-03T11:59:59.999937,0,0
-21.71425604282143,-43.40818129073404,2025-08-03T11:59:59.999937,0,20.8872
-21.717417010782437,-43.40704164270194,2025-08-03T12:02:13.333270,8,7.1712
-21.718720590555066,-43.406073406340624,2025-08-03T12:04:26.666603,6,3.3830999999999998
-21.718921743886302,-43.40726428923483,2025-08-03T12:06:39.999936,5,4.9815
-21.720145420590548,-43.40841908476862,2025-08-03T12:08:53.333269,4,5.305499999999999
-21.720279521514225,-43.41024149647037,2025-08-03T12:11:06.666602,3,5.1678
-21.719036688643843,-43.41020128503543,2025-08-03T12:13:19.999935,7,8.0946
-21.71697724990115,-43.408590499730664,2025-08-03T12:15:33.333268,2,9.4986
-21.714714548171766,-43.40778432378551,2025-08-03T12:17:46.666601,1,49.1751
-21.71425604282143,-43.40818129073404,2025-08-03T12:19:59.999934,0,0
-21.71425604282143,-43.40818129073404,2025-08-03T12:19:59.999934,0,20.8872
-21.717417010782437,-43.40704164270194,2025-08-03T12:22:13.333267,8,7.1712
-21.718720590555066,-43.406073406340624,2025-08-03T12:24:26.666600,6,3.3830999999999998
-21.718921743886302,-43.40726428923483,2025-08-03T12:26:39.999933,5,4.9815
-21.720145420590548,-43.40841908476862,2025-08-03T12:28:53.333266,4,5.305499999999999
-21.720279521514225,-43.41024149647037,2025-08-03T12:31:06.666599,3,5.1678
-21.719036688643843,-43.41020128503543,2025-08-03T12:33:19.999932,7,8.0946
-21.71697724990115,-43.408590499730664,2025-08-03T12:35:33.333265,2,9.4986
-21.714714548171766,-43.40778432378551,2025-08-03T12:37:46.666598,1,49.1751
-21.71425604282143,-43.40818129073404,2025-08-03T12:39:59.999931,0,0
-21.71425604282143,-43.40818129073404,2025-08-03T12:39:59.999931,0,20.8872
-21.717417010782437,-43.40704164270194,2025-08-03T12:42:13.333264,8,7.1712
-21.718720590555066,-43.406073406340624,2025-08-03T12:44:26.666597,6,3.3830999999999998
-21.718921743886302,-43.40726428923483,2025-08-03T12:46:39.999930,5,4.9815
-21.720145420590548,-43.40841908476862,2025-08-03T12:48:53.333263,4,5.305499999999999
-21.720279521514225,-43.41024149647037,2025-08-03T12:51:06.666596,3,5.1678
-21.719036688643843,-43.41020128503543,2025-08-03T12:53:19.999929,7,8.0946
-21.71697724990115,-43.408590499730664,2025-08-03T12:55:33.333262,2,9.4986
-21.714714548171766,-43.40778432378551,2025-08-03T12:57:46.666595,1,49.1751
-21.71425604282143,-43.40818129073404,2025-08-03T12:59:59.999928,0,0
-21.71425604282143,-43.40818129073404,2025-08-03T12:59:59.999928,0,20.8872
-21.717417010782437,-43.40704164270194,2025-08-03T13:02:13.333261,8,7.1712
-21.718720590555066,-43.406073406340624,2025-08-03T13:04:26.666594,6,3.3830999999999998
-21.718921743886302,-43.40726428923483,2025-08-03T13:06:39.999927,5,4.9815
-21.720145420590548,-43.40841908476862,2025-08-03T13:08:53.333260,4,5.305499999999999
-21.720279521514225,-43.41024149647037,2025-08-03T13:11:06.666593,3,5.1678
-21.719036688643843,-43.41020128503543,2025-08-03T13:13:19.999926,7,8.0946
-21.71697724990115,-43.408590499730664,2025-08-03T13:15:33.333259,2,9.4986
-21.714714548171766,-43.40778432378551,2025-08-03T13:17:46.666592,1,49.1751
-21.71425604282143,-43.40818129073404,2025-08-03T13:19:59.999925,0,0
-21.71425604282143,-43.40818129073404,2025-08-03T13:19:59.999925,0,20.8872
-21.717417010782437,-43.40704164270194,2025-08-03T13:22:13.333258,8,7.1712
-21.718720590555066,-43.406073406340624,2025-08-03T13:24:26.666591,6,3.3830999999999998
-21.718921743886302,-43.40726428923483,2025-08-03T13:26:39.999924,5,4.9815
-21.720145420590548,-43.40841908476862,2025-08-03T13:28:53.333257,4,5.305499999999999
-21.720279521514225,-43.41024149647037,2025-08-03T13:31:06.666590,3,5.1678
-21.719036688643843,-43.41020128503543,2025-08-03T13:33:19.999923,7,8.0946
-21.71697724990115,-43.408590499730664,2025-08-03T13:35:33.333256,2,9.4986
-21.714714548171766,-43.40778432378551,2025-08-03T13:37:46.666589,1,49.1751
-21.71425604282143,-43.40818129073404,2025-08-03T13:39:59.999922,0,0
-21.71425604282143,-43.40818129073404,2025-08-03T13:39:59.999922,0,20.8872
-21.717417010782437,-43.40704164270194,2025-08-03T13:42:13.333255,8,7.1712
-21.718720590555066,-43.406073406340624,2025-08-03T13:44:26.666588,6,3.3830999999999998
-21.718921743886302,-43.40726428923483,2025-08-03T13:46:39.999921,5,4.9815
-21.720145420590548,-43.40841908476862,2025-08-03T13:48:53.333254,4,5.305499999999999
-21.720279521514225,-43.41024149647037,2025-08-03T13:51:06.666587,3,5.1678
-21.719036688643843,-43.41020128503543,2025-08-03T13:53:19.999920,7,8.0946
-21.71697724990115,-43.408590499730664,2025-08-03T13:55:33.333253,2,9.4986
-21.714714548171766,-43.40778432378551,2025-08-03T13:57:46.666586,1,49.1751
-21.71425604282143,-43.40818129073404,2025-08-03T13:59:59.999919,0,0
-21.71425604282143,-43.40818129073404,2025-08-03T13:59:59.999919,0,20.8872
-21.717417010782437,-43.40704164270194,2025-08-03T14:02:13.333252,8,7.1712
-21.718720590555066,-43.406073406340624,2025-08-03T14:04:26.666585,6,3.3830999999999998
-21.718921743886302,-43.40726428923483,2025-08-03T14:06:39.999918,5,4.9815
-21.720145420590548,-43.40841908476862,2025-08-03T14:08:53.333251,4,5.305499999999999
-21.720279521514225,-43.41024149647037,2025-08-03T14:11:06.666584,3,5.1678
-21.719036688643843,-43.41020128503543,2025-08-03T14:13:19.999917,7,8.0946
-21.71697724990115,-43.408590499730664,2025-08-03T14:15:33.333250,2,9.4986
-21.714714548171766,-43.40778432378551,2025-08-03T14:17:46.666583,1,49.1751
-21.71425604282143,-43.40818129073404,2025-08-03T14:19:59.999916,0,0
-21.71425604282143,-43.40818129073404,2025-08-03T14:19:59.999916,0,20.8872
-21.717417010782437,-43.40704164270194,2025-08-03T14:22:13.333249,8,7.1712
-21.718720590555066,-43.406073406340624,2025-08-03T14:24:26.666582,6,3.3830999999999998
-21.718921743886302,-43.40726428923483,2025-08-03T14:26:39.999915,5,4.9815
-21.720145420590548,-43.40841908476862,2025-08-03T14:28:53.333248,4,5.305499999999999
-21.720279521514225,-43.41024149647037,2025-08-03T14:31:06.666581,3,5.1678
-21.719036688643843,-43.41020128503543,2025-08-03T14:33:19.999914,7,8.0946
-21.71697724990115,-43.408590499730664,2025-08-03T14:35:33.333247,2,9.4986
-21.714714548171766,-43.40778432378551,2025-08-03T14:37:46.666580,1,49.1751
-21.71425604282143,-43.40818129073404,2025-08-03T14:39:59.999913,0,0
-21.71425604282143,-43.40818129073404,2025-08-03T14:39:59.999913,0,20.8872
-21.717417010782437,-43.40704164270194,2025-08-03T14:42:13.333246,8,7.1712
-21.718720590555066,-43.406073406340624,2025-08-03T14:44:26.666579,6,3.3830999999999998
-21.718921743886302,-43.40726428923483,2025-08-03T14:46:39.999912,5,4.9815
-21.720145420590548,-43.40841908476862,2025-08-03T14:48:53.333245,4,5.305499999999999
-21.720279521514225,-43.41024149647037,2025-08-03T14:51:06.666578,3,5.1678
-21.719036688643843,-43.41020128503543,2025-08-03T14:53:19.999911,7,8.0946
-21.71697724990115,-43.408590499730664,2025-08-03T14:55:33.333244,2,9.4986
-21.714714548171766,-43.40778432378551,2025-08-03T14:57:46.666577,1,49.1751
-21.71425604282143,-43.40818129073404,2025-08-03T14:59:59.999910,0,0
-21.71425604282143,-43.40818129073404,2025-08-03T14:59:59.999910,0,20.8872
-21.717417010782437,-43.40704164270194,2025-08-03T15:02:13.333243,8,7.1712
-21.718720590555066,-43.406073406340624,2025-08-03T15:04:26.666576,6,3.3830999999999998
-21.718921743886302,-43.40726428923483,2025-08-03T15:06:39.999909,5,4.9815
-21.720145420590548,-43.40841908476862,2025-08-03T15:08:53.333242,4,5.305499999999999
-21.720279521514225,-43.41024149647037,2025-08-03T15:11:06.666575,3,5.1678
-21.719036688643843,-43.41020128503543,2025-08-03T15:13:19.999908,7,8.0946
-21.71697724990115,-43.408590499730664,2025-08-03T15:15:33.333241,2,9.4986
-21.714714548171766,-43.40778432378551,2025-08-03T15:17:46.666574,1,49.1751
-21.71425604282143,-43.40818129073404,2025-08-03T15:19:59.999907,0,0
-21.71425604282143,-43.40818129073404,2025-08-03T15:19:59.999907,0,20.8872
-21.717417010782437,-43.40704164270194,2025-08-03T15:22:13.333240,8,7.1712
-21.718720590555066,-43.406073406340624,2025-08-03T15:24:26.666573,6,3.3830999999999998
-21.718921743886302,-43.40726428923483,2025-08-03T15:26:39.999906,5,4.9815
-21.720145420590548,-43.40841908476862,2025-08-03T15:28:53.333239,4,5.305499999999999
-21.720279521514225,-43.41024149647037,2025-08-03T15:31:06.666572,3,5.1678
-21.719036688643843,-43.41020128503543,2025-08-03T15:33:19.999905,7,8.0946
-21.71697724990115,-43.408590499730664,2025-08-03T15:35:33.333238,2,9.4986
-21.714714548171766,-43.40778432378551,2025-08-03T15:37:46.666571,1,49.1751
-21.71425604282143,-43.40818129073404,2025-08-03T15:39:59.999904,0,0
-21.71425604282143,-43.40818129073404,2025-08-03T15:39:59.999904,0,20.8872
-21.717417010782437,-43.40704164270194,2025-08-03T15:42:13.333237,8,7.1712
-21.718720590555066,-43.406073406340624,2025-08-03T15:44:26.666570,6,3.3830999999999998
-21.718921743886302,-43.40726428923483,2025-08-03T15:46:39.999903,5,4.9815
-21.720145420590548,-43.40841908476862,2025-08-03T15:48:53.333236,4,5.305499999999999
-21.720279521514225,-43.41024149647037,2025-08-03T15:51:06.666569,3,5.1678
-21.719036688643843,-43.41020128503543,2025-08-03T15:53:19.999902,7,8.0946
-21.71697724990115,-43.408590499730664,2025-08-03T15:55:33.333235,2,9.4986
-21.714714548171766,-43.40778432378551,2025-08-03T15:57:46.666568,1,49.1751
-21.71425604282143,-43.40818129073404,2025-08-03T15:59:59.999901,0,0
-21.71425604282143,-43.40818129073404,2025-08-03T15:59:59.999901,0,20.8872
-21.717417010782437,-43.40704164270194,2025-08-03T16:02:13.333234,8,7.1712
-21.718720590555066,-43.406073406340624,2025-08-03T16:04:26.666567,6,3.3830999999999998
-21.718921743886302,-43.40726428923483,2025-08-03T16:06:39.999900,5,4.9815
-21.720145420590548,-43.40841908476862,2025-08-03T16:08:53.333233,4,5.305499999999999
-21.720279521514225,-43.41024149647037,2025-08-03T16:11:06.666566,3,5.1678
-21.719036688643843,-43.41020128503543,2025-08-03T16:13:19.999899,7,8.0946
-21.71697724990115,-43.408590499730664,2025-08-03T16:15:33.333232,2,9.4986
-21.714714548171766,-43.40778432378551,2025-08-03T16:17:46.666565,1,49.1751
-21.71425604282143,-43.40818129073404,2025-08-03T16:19:59.999898,0,0
-21.71425604282143,-43.40818129073404,2025-08-03T16:19:59.999898,0,20.8872
-21.717417010782437,-43.40704164270194,2025-08-03T16:22:13.333231,8,7.1712
-21.718720590555066,-43.406073406340624,2025-08-03T16:24:26.666564,6,3.3830999999999998
-21.718921743886302,-43.40726428923483,2025-08-03T16:26:39.999897,5,4.9815
-21.720145420590548,-43.40841908476862,2025-08-03T16:28:53.333230,4,5.305499999999999
-21.720279521514225,-43.41024149647037,2025-08-03T16:31:06.666563,3,5.1678
-21.719036688643843,-43.41020128503543,2025-08-03T16:33:19.999896,7,8.0946
-21.71697724990115,-43.408590499730664,2025-08-03T16:35:33.333229,2,9.4986
-21.714714548171766,-43.40778432378551,2025-08-03T16:37:46.666562,1,49.1751
-21.71425604282143,-43.40818129073404,2025-08-03T16:39:59.999895,0,0
-21.71425604282143,-43.40818129073404,2025-08-03T16:39:59.999895,0,20.8872
-21.717417010782437,-43.40704164270194,2025-08-03T16:42:13.333228,8,7.1712
-21.718720590555066,-43.406073406340624,2025-08-03T16:44:26.666561,6,3.3830999999999998
-21.718921743886302,-43.40726428923483,2025-08-03T16:46:39.999894,5,4.9815
-21.720145420590548,-43.40841908476862,2025-08-03T16:48:53.333227,4,5.305499999999999
-21.720279521514225,-43.41024149647037,2025-08-03T16:51:06.666560,3,5.1678
-21.719036688643843,-43.41020128503543,2025-08-03T16:53:19.999893,7,8.0946
-21.71697724990115,-43.408590499730664,2025-08-03T16:55:33.333226,2,9.4986
-21.714714548171766,-43.40778432378551,2025-08-03T16:57:46.666559,1,49.1751
-21.71425604282143,-43.40818129073404,2025-08-03T16:59:59.999892,0,0
-21.71425604282143,-43.40818129073404,2025-08-03T16:59:59.999892,0,20.8872
-21.717417010782437,-43.40704164270194,2025-08-03T17:02:13.333225,8,7.1712
-21.718720590555066,-43.406073406340624,2025-08-03T17:04:26.666558,6,3.3830999999999998
-21.718921743886302,-43.40726428923483,2025-08-03T17:06:39.999891,5,4.9815
-21.720145420590548,-43.40841908476862,2025-08-03T17:08:53.333224,4,5.305499999999999
-21.720279521514225,-43.41024149647037,2025-08-03T17:11:06.666557,3,5.1678
-21.719036688643843,-43.41020128503543,2025-08-03T17:13:19.999890,7,8.0946
-21.71697724990115,-43.408590499730664,2025-08-03T17:15:33.333223,2,9.4986
-21.714714548171766,-43.40778432378551,2025-08-03T17:17:46.666556,1,49.1751
-21.71425604282143,-43.40818129073404,2025-08-03T17:19:59.999889,0,0
-21.71425604282143,-43.40818129073404,2025-08-03T17:19:59.999889,0,20.8872
-21.717417010782437,-43.40704164270194,2025-08-03T17:22:13.333222,8,7.1712
-21.718720590555066,-43.406073406340624,2025-08-03T17:24:26.666555,6,3.3830999999999998
-21.718921743886302,-43.40726428923483,2025-08-03T17:26:39.999888,5,4.9815
-21.720145420590548,-43.40841908476862,2025-08-03T17:28:53.333221,4,5.305499999999999
-21.720279521514225,-43.41024149647037,2025-08-03T17:31:06.666554,3,5.1678
-21.719036688643843,-43.41020128503543,2025-08-03T17:33:19.999887,7,8.0946
-21.71697724990115,-43.408590499730664,2025-08-03T17:35:33.333220,2,9.4986
-21.714714548171766,-43.40778432378551,2025-08-03T17:37:46.666553,1,49.1751
-21.71425604282143,-43.40818129073404,2025-08-03T17:39:59.999886,0,0
-21.71425604282143,-43.40818129073404,2025-08-03T17:39:59.999886,0,20.8872
-21.717417010782437,-43.40704164270194,2025-08-03T17:42:13.333219,8,7.1712
-21.718720590555066,-43.406073406340624,2025-08-03T17:44:26.666552,6,3.3830999999999998
-21.718921743886302,-43.40726428923483,2025-08-03T17:46:39.999885,5,4.9815
-21.720145420590548,-43.40841908476862,2025-08-03T17:48:53.333218,4,5.305499999999999
-21.720279521514225,-43.41024149647037,2025-08-03T17:51:06.666551,3,5.1678
-21.719036688643843,-43.41020128503543,2025-08-03T17:53:19.999884,7,8.0946
-21.71697724990115,-43.408590499730664,2025-08-03T17:55:33.333217,2,9.4986
-21.714714548171766,-43.40778432378551,2025-08-03T17:57:46.666550,1,49.1751
-21.71425604282143,-43.40818129073404,2025-08-03T17:59:59.999883,0,0
-21.71425604282143,-43.40818129073404,2025-08-03T17:59:59.999883,0,20.8872
-21.717417010782437,-43.40704164270194,2025-08-03T18:02:13.333216,8,7.1712
-21.718720590555066,-43.406073406340624,2025-08-03T18:04:26.666549,6,3.3830999999999998
-21.718921743886302,-43.40726428923483,2025-08-03T18:06:39.999882,5,4.9815
-21.720145420590548,-43.40841908476862,2025-08-03T18:08:53.333215,4,5.305499999999999
-21.720279521514225,-43.41024149647037,2025-08-03T18:11:06.666548,3,5.1678
-21.719036688643843,-43.41020128503543,2025-08-03T18:13:19.999881,7,8.0946
-21.71697724990115,-43.408590499730664,2025-08-03T18:15:33.333214,2,9.4986
-21.714714548171766,-43.40778432378551,2025-08-03T18:17:46.666547,1,49.1751
-21.71425604282143,-43.40818129073404,2025-08-03T18:19:59.999880,0,0
-21.71425604282143,-43.40818129073404,2025-08-03T18:19:59.999880,0,20.8872
-21.717417010782437,-43.40704164270194,2025-08-03T18:22:13.333213,8,7.1712
-21.718720590555066,-43.406073406340624,2025-08-03T18:24:26.666546,6,3.3830999999999998
-21.718921743886302,-43.40726428923483,2025-08-03T18:26:39.999879,5,4.9815
-21.720145420590548,-43.40841908476862,2025-08-03T18:28:53.333212,4,5.305499999999999
-21.720279521514225,-43.41024149647037,2025-08-03T18:31:06.666545,3,5.1678
-21.719036688643843,-43.41020128503543,2025-08-03T18:33:19.999878,7,8.0946
-21.71697724990115,-43.408590499730664,2025-08-03T18:35:33.333211,2,9.4986
-21.714714548171766,-43.40778432378551,2025-08-03T18:37:46.666544,1,49.1751
-21.71425604282143,-43.40818129073404,2025-08-03T18:39:59.999877,0,0
-21.71425604282143,-43.40818129073404,2025-08-03T18:39:59.999877,0,20.8872
-21.717417010782437,-43.40704164270194,2025-08-03T18:42:13.333210,8,7.1712
-21.718720590555066,-43.406073406340624,2025-08-03T18:44:26.666543,6,3.3830999999999998
-21.718921743886302,-43.40726428923483,2025-08-03T18:46:39.999876,5,4.9815
-21.720145420590548,-43.40841908476862,2025-08-03T18:48:53.333209,4,5.305499999999999
-21.720279521514225,-43.41024149647037,2025-08-03T18:51:06.666542,3,5.1678
-21.719036688643843,-43.41020128503543,2025-08-03T18:53:19.999875,7,8.0946
-21.71697724990115,-43.408590499730664,2025-08-03T18:55:33.333208,2,9.4986
-21.714714548171766,-43.40778432378551,2025-08-03T18:57:46.666541,1,49.1751
-21.71425604282143,-43.40818129073404,2025-08-03T18:59:59.999874,0,0
-21.71425604282143,-43.40818129073404,2025-08-03T18:59:59.999874,0,20.8872
-21.717417010782437,-43.40704164270194,2025-08-03T19:02:13.333207,8,7.1712
-21.718720590555066,-43.406073406340624,2025-08-03T19:04:26.666540,6,3.3830999999999998
-21.718921743886302,-43.40726428923483,2025-08-03T19:06:39.999873,5,4.9815
-21.720145420590548,-43.40841908476862,2025-08-03T19:08:53.333206,4,5.305499999999999
-21.720279521514225,-43.41024149647037,2025-08-03T19:11:06.666539,3,5.1678
-21.719036688643843,-43.41020128503543,2025-08-03T19:13:19.999872,7,8.0946
-21.71697724990115,-43.408590499730664,2025-08-03T19:15:33.333205,2,9.4986
-21.714714548171766,-43.40778432378551,2025-08-03T19:17:46.666538,1,49.1751
-21.71425604282143,-43.40818129073404,2025-08-03T19:19:59.999871,0,0
-21.71425604282143,-43.40818129073404,2025-08-03T19:19:59.999871,0,20.8872
-21.717417010782437,-43.40704164270194,2025-08-03T19:22:13.333204,8,7.1712
-21.718720590555066,-43.406073406340624,2025-08-03T19:24:26.666537,6,3.3830999999999998
-21.718921743886302,-43.40726428923483,2025-08-03T19:26:39.999870,5,4.9815
-21.720145420590548,-43.40841908476862,2025-08-03T19:28:53.333203,4,5.305499999999999
-21.720279521514225,-43.41024149647037,2025-08-03T19:31:06.666536,3,5.1678
-21.719036688643843,-43.41020128503543,2025-08-03T19:33:19.999869,7,8.0946
-21.71697724990115,-43.408590499730664,2025-08-03T19:35:33.333202,2,9.4986
-21.714714548171766,-43.40778432378551,2025-08-03T19:37:46.666535,1,49.1751
-21.71425604282143,-43.40818129073404,2025-08-03T19:39:59.999868,0,0
-21.71425604282143,-43.40818129073404,2025-08-03T19:39:59.999868,0,20.8872
-21.717417010782437,-43.40704164270194,2025-08-03T19:42:13.333201,8,7.1712
-21.718720590555066,-43.406073406340624,2025-08-03T19:44:26.666534,6,3.3830999999999998
-21.718921743886302,-43.40726428923483,2025-08-03T19:46:39.999867,5,4.9815
-21.720145420590548,-43.40841908476862,2025-08-03T19:48:53.333200,4,5.305499999999999
-21.720279521514225,-43.41024149647037,2025-08-03T19:51:06.666533,3,5.1678
-21.719036688643843,-43.41020128503543,2025-08-03T19:53:19.999866,7,8.0946
-21.71697724990115,-43.408590499730664,2025-08-03T19:55:33.333199,2,9.4986
-21.714714548171766,-43.40778432378551,2025-08-03T19:57:46.666532,1,49.1751
-21.71425604282143,-43.40818129073404,2025-08-03T19:59:59.999865,0,0
-21.71425604282143,-43.40818129073404,2025-08-03T19:59:59.999865,0,20.8872
-21.717417010782437,-43.40704164270194,2025-08-03T20:02:13.333198,8,7.1712
-21.718720590555066,-43.406073406340624,2025-08-03T20:04:26.666531,6,3.3830999999999998
-21.718921743886302,-43.40726428923483,2025-08-03T20:06:39.999864,5,4.9815
-21.720145420590548,-43.40841908476862,2025-08-03T20:08:53.333197,4,5.305499999999999
-21.720279521514225,-43.41024149647037,2025-08-03T20:11:06.666530,3,5.1678
-21.719036688643843,-43.41020128503543,2025-08-03T20:13:19.999863,7,8.0946
-21.71697724990115,-43.408590499730664,2025-08-03T20:15:33.333196,2,9.4986
-21.714714548171766,-43.40778432378551,2025-08-03T20:17:46.666529,1,49.1751
-21.71425604282143,-43.40818129073404,2025-08-03T20:19:59.999862,0,0
-21.71425604282143,-43.40818129073404,2025-08-03T20:19:59.999862,0,20.8872
-21.717417010782437,-43.40704164270194,2025-08-03T20:22:13.333195,8,7.1712
-21.718720590555066,-43.406073406340624,2025-08-03T20:24:26.666528,6,3.3830999999999998
-21.718921743886302,-43.40726428923483,2025-08-03T20:26:39.999861,5,4.9815
-21.720145420590548,-43.40841908476862,2025-08-03T20:28:53.333194,4,5.305499999999999
-21.720279521514225,-43.41024149647037,2025-08-03T20:31:06.666527,3,5.1678
-21.719036688643843,-43.41020128503543,2025-08-03T20:33:19.999860,7,8.0946
-21.71697724990115,-43.408590499730664,2025-08-03T20:35:33.333193,2,9.4986
-21.714714548171766,-43.40778432378551,2025-08-03T20:37:46.666526,1,49.1751
-21.71425604282143,-43.40818129073404,2025-08-03T20:39:59.999859,0,0
-21.71425604282143,-43.40818129073404,2025-08-03T20:39:59.999859,0,20.8872
-21.717417010782437,-43.40704164270194,2025-08-03T20:42:13.333192,8,7.1712
-21.718720590555066,-43.406073406340624,2025-08-03T20:44:26.666525,6,3.3830999999999998
-21.718921743886302,-43.40726428923483,2025-08-03T20:46:39.999858,5,4.9815
-21.720145420590548,-43.40841908476862,2025-08-03T20:48:53.333191,4,5.305499999999999
-21.720279521514225,-43.41024149647037,2025-08-03T20:51:06.666524,3,5.1678
-21.719036688643843,-43.41020128503543,2025-08-03T20:53:19.999857,7,8.0946
-21.71697724990115,-43.408590499730664,2025-08-03T20:55:33.333190,2,9.4986
-21.714714548171766,-43.40778432378551,2025-08-03T20:57:46.666523,1,49.1751
-21.71425604282143,-43.40818129073404,2025-08-03T20:59:59.999856,0,0
-21.71425604282143,-43.40818129073404,2025-08-03T20:59:59.999856,0,20.8872
-21.717417010782437,-43.40704164270194,2025-08-03T21:02:13.333189,8,7.1712
-21.718720590555066,-43.406073406340624,2025-08-03T21:04:26.666522,6,3.3830999999999998
-21.718921743886302,-43.40726428923483,2025-08-03T21:06:39.999855,5,4.9815
-21.720145420590548,-43.40841908476862,2025-08-03T21:08:53.333188,4,5.305499999999999
-21.720279521514225,-43.41024149647037,2025-08-03T21:11:06.666521,3,5.1678
-21.719036688643843,-43.41020128503543,2025-08-03T21:13:19.999854,7,8.0946
-21.71697724990115,-43.408590499730664,2025-08-03T21:15:33.333187,2,9.4986
-21.714714548171766,-43.40778432378551,2025-08-03T21:17:46.666520,1,49.1751
-21.71425604282143,-43.40818129073404,2025-08-03T21:19:59.999853,0,0
-21.71425604282143,-43.40818129073404,2025-08-03T21:19:59.999853,0,20.8872
-21.717417010782437,-43.40704164270194,2025-08-03T21:22:13.333186,8,7.1712
-21.718720590555066,-43.406073406340624,2025-08-03T21:24:26.666519,6,3.3830999999999998
-21.718921743886302,-43.40726428923483,2025-08-03T21:26:39.999852,5,4.9815
-21.720145420590548,-43.40841908476862,2025-08-03T21:28:53.333185,4,5.305499999999999
-21.720279521514225,-43.41024149647037,2025-08-03T21:31:06.666518,3,5.1678
-21.719036688643843,-43.41020128503543,2025-08-03T21:33:19.999851,7,8.0946
-21.71697724990115,-43.408590499730664,2025-08-03T21:35:33.333184,2,9.4986
-21.714714548171766,-43.40778432378551,2025-08-03T21:37:46.666517,1,49.1751
-21.71425604282143,-43.40818129073404,2025-08-03T21:39:59.999850,0,0
-21.71425604282143,-43.40818129073404,2025-08-03T21:39:59.999850,0,20.8872
-21.717417010782437,-43.40704164270194,2025-08-03T21:42:13.333183,8,7.1712
-21.718720590555066,-43.406073406340624,2025-08-03T21:44:26.666516,6,3.3830999999999998
-21.718921743886302,-43.40726428923483,2025-08-03T21:46:39.999849,5,4.9815
-21.720145420590548,-43.40841908476862,2025-08-03T21:48:53.333182,4,5.305499999999999
-21.720279521514225,-43.41024149647037,2025-08-03T21:51:06.666515,3,5.1678
-21.719036688643843,-43.41020128503543,2025-08-03T21:53:19.999848,7,8.0946
-21.71697724990115,-43.408590499730664,2025-08-03T21:55:33.333181,2,9.4986
-21.714714548171766,-43.40778432378551,2025-08-03T21:57:46.666514,1,49.1751
-21.71425604282143,-43.40818129073404,2025-08-03T21:59:59.999847,0,0
-21.71425604282143,-43.40818129073404,2025-08-03T21:59:59.999847,0,20.8872
-21.717417010782437,-43.40704164270194,2025-08-03T22:02:13.333180,8,7.1712
-21.718720590555066,-43.406073406340624,2025-08-03T22:04:26.666513,6,3.3830999999999998
-21.718921743886302,-43.40726428923483,2025-08-03T22:06:39.999846,5,4.9815
-21.720145420590548,-43.40841908476862,2025-08-03T22:08:53.333179,4,5.305499999999999
-21.720279521514225,-43.41024149647037,2025-08-03T22:11:06.666512,3,5.1678
-21.719036688643843,-43.41020128503543,2025-08-03T22:13:19.999845,7,8.0946
-21.71697724990115,-43.408590499730664,2025-08-03T22:15:33.333178,2,9.4986
-21.714714548171766,-43.40778432378551,2025-08-03T22:17:46.666511,1,49.1751
-21.71425604282143,-43.40818129073404,2025-08-03T22:19:59.999844,0,0
-21.71425604282143,-43.40818129073404,2025-08-03T22:19:59.999844,0,20.8872
-21.717417010782437,-43.40704164270194,2025-08-03T22:22:13.333177,8,7.1712
-21.718720590555066,-43.406073406340624,2025-08-03T22:24:26.666510,6,3.3830999999999998
-21.718921743886302,-43.40726428923483,2025-08-03T22:26:39.999843,5,4.9815
-21.720145420590548,-43.40841908476862,2025-08-03T22:28:53.333176,4,5.305499999999999
-21.720279521514225,-43.41024149647037,2025-08-03T22:31:06.666509,3,5.1678
-21.719036688643843,-43.41020128503543,2025-08-03T22:33:19.999842,7,8.0946
-21.71697724990115,-43.408590499730664,2025-08-03T22:35:33.333175,2,9.4986
-21.714714548171766,-43.40778432378551,2025-08-03T22:37:46.666508,1,49.1751
-21.71425604282143,-43.40818129073404,2025-08-03T22:39:59.999841,0,0
-21.71425604282143,-43.40818129073404,2025-08-03T22:39:59.999841,0,20.8872
-21.717417010782437,-43.40704164270194,2025-08-03T22:42:13.333174,8,7.1712
-21.718720590555066,-43.406073406340624,2025-08-03T22:44:26.666507,6,3.3830999999999998
-21.718921743886302,-43.40726428923483,2025-08-03T22:46:39.999840,5,4.9815
-21.720145420590548,-43.40841908476862,2025-08-03T22:48:53.333173,4,5.305499999999999
-21.720279521514225,-43.41024149647037,2025-08-03T22:51:06.666506,3,5.1678
-21.719036688643843,-43.41020128503543,2025-08-03T22:53:19.999839,7,8.0946
-21.71697724990115,-43.408590499730664,2025-08-03T22:55:33.333172,2,9.4986
-21.714714548171766,-43.40778432378551,2025-08-03T22:57:46.666505,1,49.1751
-21.71425604282143,-43.40818129073404,2025-08-03T22:59:59.999838,0,0
-21.71425604282143,-43.40818129073404,2025-08-03T22:59:59.999838,0,20.8872
-21.717417010782437,-43.40704164270194,2025-08-03T23:02:13.333171,8,7.1712
-21.718720590555066,-43.406073406340624,2025-08-03T23:04:26.666504,6,3.3830999999999998
-21.718921743886302,-43.40726428923483,2025-08-03T23:06:39.999837,5,4.9815
-21.720145420590548,-43.40841908476862,2025-08-03T23:08:53.333170,4,5.305499999999999
-21.720279521514225,-43.41024149647037,2025-08-03T23:11:06.666503,3,5.1678
-21.719036688643843,-43.41020128503543,2025-08-03T23:13:19.999836,7,8.0946
-21.71697724990115,-43.408590499730664,2025-08-03T23:15:33.333169,2,9.4986
-21.714714548171766,-43.40778432378551,2025-08-03T23:17:46.666502,1,49.1751
