routeshortname,routelongname,stopid,departuretime,stopsequence,boarding,landing,occupation,day,stop_lon,stop_lat,horario,stopname
423,Bom Jardim,10074932,05:55,1,0,0,0,2024-11-02,-43.33308863,-21.73362153,05:55,"Rua Doutor José Rafael de Souza Júnior, 447 - Ponto Final do Bom Jardim"
423,Bom Jardim,10074927,05:55,2,0,0,0,2024-11-02,-43.33266509,-21.7344519,05:56:02,"Rua Doutor José Rafael de Souza Júnior, 345"
423,Bom Jardim,10074644,05:55,3,0,0,0,2024-11-02,-43.33240888,-21.73491986,05:57:04,"Rua Romeu Pastori, 113"
423,Bom Jardim,10074650,05:55,4,0,0,0,2024-11-02,-43.33347237,-21.7345156,06:00:46,"Rua Henrique Miranda Sá, 5"
423,Bom Jardim,10074647,05:55,5,0,0,0,2024-11-02,-43.33386254,-21.73344803,06:01:05,"Rua Henrique Miranda Sá, 362"
423,Bom Jardim,10071237,05:55,6,0,0,0,2024-11-02,-43.33476662,-21.73163586,06:01:26,"Rua Henrique Miranda Sá, 40"
423,Bom Jardim,10071235,05:55,7,0,0,0,2024-11-02,-43.33555722,-21.73134336,06:01:44,"Rua Henrique Miranda Sá, 440"
423,Bom Jardim,10071262,05:55,8,1,0,1,2024-11-02,-43.33672333,-21.73103333,06:02:06,"Rua A, 245 - Escola Municipal Profa. Marlene Barros"
423,Bom Jardim,10074007,05:55,9,0,0,1,2024-11-02,-43.33874893,-21.73138237,06:02:46,"Rua A, 85"
423,Bom Jardim,10071258,05:55,10,0,0,1,2024-11-02,-43.33859253,-21.73217773,06:03:26,"Rua Felício Anjo Baldi, 111"
423,Bom Jardim,10074006,05:55,11,0,0,1,2024-11-02,-43.33692169,-21.73124886,06:03:46,"Rua A, 240"
423,Bom Jardim,10363364,05:55,12,0,0,1,2024-11-02,-43.33622619,-21.73249959,06:05:05,"Rua Canor Simões Coelho, 211"
423,Bom Jardim,10071140,05:55,13,0,0,1,2024-11-02,-43.33565367,-21.73397908,06:05:26,"Rua Canor Simoes Coelho, 31"
423,Bom Jardim,10071233,05:55,14,3,0,4,2024-11-02,-43.33447564,-21.73467193,06:05:46,"Rua Luiz Favero, 355"
423,Bom Jardim,10071141,05:55,15,1,0,5,2024-11-02,-43.33369076,-21.73585701,06:06:46,"Rua Luiz Favero, 219"
423,Bom Jardim,10071145,05:55,16,0,0,5,2024-11-02,-43.33326948,-21.73644066,06:07:26,"Rua Luiz Favero, 129"
423,Bom Jardim,10071133,05:55,17,0,0,5,2024-11-02,-43.33292007,-21.7369194,06:07:36,"Rua Luiz Favero, 71"
423,Bom Jardim,10071363,05:55,18,5,1,9,2024-11-02,-43.3321606,-21.73753497,06:07:46,"Rua Diva Garcia, 1385"
423,Bom Jardim,10071364,05:55,19,0,0,9,2024-11-02,-43.33239829,-21.73910141,06:08:45,"Rua Diva Garcia, 1195"
423,Bom Jardim,10071368,05:55,20,0,0,9,2024-11-02,-43.33536446,-21.74168567,06:09:45,"Rua Diva Garcia, 651"
423,Bom Jardim,10071366,05:55,21,0,0,9,2024-11-02,-43.33644414,-21.74201498,06:10:05,"Rua Diva Garcia, 567"
423,Bom Jardim,10071367,05:55,22,2,1,10,2024-11-02,-43.33857488,-21.74324036,06:10:25,"Rua Diva Garcia, 169"
423,Bom Jardim,10071371,05:55,23,0,0,10,2024-11-02,-43.33868301,-21.74571142,06:11:25,"Rua Vitorino Braga, 1269"
423,Bom Jardim,10074101,05:55,24,0,0,10,2024-11-02,-43.3391571,-21.74756241,06:11:45,"Rua Vitorino Braga, 1015"
423,Bom Jardim,10074103,05:55,25,0,0,10,2024-11-02,-43.34044011,-21.74875691,06:12:05,"Rua Vitorino Braga, 883"
423,Bom Jardim,10074066,05:55,26,0,2,8,2024-11-02,-43.34299265,-21.75008443,06:12:25,"Rua Vitorino Braga, 581"
423,Bom Jardim,10074062,05:55,27,0,0,8,2024-11-02,-43.3445245,-21.75106726,06:12:45,"Rua Vitorino Braga, 361"
423,Bom Jardim,10074067,05:55,28,1,3,6,2024-11-02,-43.34532261,-21.75245094,06:13:19,"Avenida Garibaldi Campinhos, 333"
423,Bom Jardim,10073807,05:55,29,0,0,6,2024-11-02,-43.34744996,-21.75424023,06:15:05,"Rua Benjamin Constant, 263"
423,Bom Jardim,10070915,05:55,30,0,0,6,2024-11-02,-43.34981918,-21.75532532,06:15:45,"Rua Benjamin Constant, 570"
423,Bom Jardim,10071108,05:55,31,0,3,3,2024-11-02,-43.34933186,-21.75814461,06:15:45,"Avenida Getúlio Vargas, 835"
423,Bom Jardim,10074932,06:55,1,0,0,0,2024-11-02,-43.33308863,-21.73362153,06:55,"Rua Doutor José Rafael de Souza Júnior, 447 - Ponto Final do Bom Jardim"
423,Bom Jardim,10074927,06:55,2,1,0,1,2024-11-02,-43.33266509,-21.7344519,06:59:40,"Rua Doutor José Rafael de Souza Júnior, 345"
423,Bom Jardim,10074644,06:55,3,1,1,1,2024-11-02,-43.33240888,-21.73491986,07:00:20,"Rua Romeu Pastori, 113"
423,Bom Jardim,10074650,06:55,4,2,0,3,2024-11-02,-43.33347237,-21.7345156,07:01:40,"Rua Henrique Miranda Sá, 5"
423,Bom Jardim,10074647,06:55,5,1,0,4,2024-11-02,-43.33386254,-21.73344803,07:02:20,"Rua Henrique Miranda Sá, 362"
423,Bom Jardim,10071237,06:55,6,1,0,5,2024-11-02,-43.33476662,-21.73163586,07:03,"Rua Henrique Miranda Sá, 40"
423,Bom Jardim,10071235,06:55,7,0,0,5,2024-11-02,-43.33555722,-21.73134336,07:03:40,"Rua Henrique Miranda Sá, 440"
423,Bom Jardim,10071262,06:55,8,0,0,5,2024-11-02,-43.33672333,-21.73103333,07:05:55,"Rua A, 245 - Escola Municipal Profa. Marlene Barros"
423,Bom Jardim,10074007,06:55,9,0,0,5,2024-11-02,-43.33874893,-21.73138237,07:06:15,"Rua A, 85"
423,Bom Jardim,10071258,06:55,10,0,0,5,2024-11-02,-43.33859253,-21.73217773,07:06:35,"Rua Felício Anjo Baldi, 111"
423,Bom Jardim,10074006,06:55,11,0,0,5,2024-11-02,-43.33692169,-21.73124886,07:06:55,"Rua A, 240"
423,Bom Jardim,10363364,06:55,12,0,0,5,2024-11-02,-43.33622619,-21.73249959,07:07:15,"Rua Canor Simões Coelho, 211"
423,Bom Jardim,10071140,06:55,13,2,0,7,2024-11-02,-43.33565367,-21.73397908,07:07:35,"Rua Canor Simoes Coelho, 31"
423,Bom Jardim,10071233,06:55,14,4,0,11,2024-11-02,-43.33447564,-21.73467193,07:07:40,"Rua Luiz Favero, 355"
423,Bom Jardim,10071141,06:55,15,0,0,11,2024-11-02,-43.33369076,-21.73585701,07:08:40,"Rua Luiz Favero, 219"
423,Bom Jardim,10071145,06:55,16,0,0,11,2024-11-02,-43.33326948,-21.73644066,07:09,"Rua Luiz Favero, 129"
423,Bom Jardim,10071133,06:55,17,0,1,10,2024-11-02,-43.33292007,-21.7369194,07:09:10,"Rua Luiz Favero, 71"
423,Bom Jardim,10071363,06:55,18,0,0,10,2024-11-02,-43.3321606,-21.73753497,07:09:20,"Rua Diva Garcia, 1385"
423,Bom Jardim,10071364,06:55,19,0,0,10,2024-11-02,-43.33239829,-21.73910141,07:10,"Rua Diva Garcia, 1195"
423,Bom Jardim,10071368,06:55,20,0,0,10,2024-11-02,-43.33536446,-21.74168567,07:10:40,"Rua Diva Garcia, 651"
423,Bom Jardim,10071366,06:55,21,0,0,10,2024-11-02,-43.33644414,-21.74201498,07:10:59,"Rua Diva Garcia, 567"
423,Bom Jardim,10071367,06:55,22,0,0,10,2024-11-02,-43.33857488,-21.74324036,07:11:19,"Rua Diva Garcia, 169"
423,Bom Jardim,10071371,06:55,23,0,0,10,2024-11-02,-43.33868301,-21.74571142,07:11:59,"Rua Vitorino Braga, 1269"
423,Bom Jardim,10074101,06:55,24,0,0,10,2024-11-02,-43.3391571,-21.74756241,07:12:19,"Rua Vitorino Braga, 1015"
423,Bom Jardim,10074103,06:55,25,0,0,10,2024-11-02,-43.34044011,-21.74875691,07:12:39,"Rua Vitorino Braga, 883"
423,Bom Jardim,10074066,06:55,26,0,0,10,2024-11-02,-43.34299265,-21.75008443,07:12:59,"Rua Vitorino Braga, 581"
423,Bom Jardim,10074062,06:55,27,1,0,11,2024-11-02,-43.3445245,-21.75106726,07:13:19,"Rua Vitorino Braga, 361"
423,Bom Jardim,10074067,06:55,28,0,1,10,2024-11-02,-43.34532261,-21.75245094,07:14:05,"Avenida Garibaldi Campinhos, 333"
423,Bom Jardim,10073807,06:55,29,0,0,10,2024-11-02,-43.34744996,-21.75424023,07:15:59,"Rua Benjamin Constant, 263"
423,Bom Jardim,10070915,06:55,30,0,0,10,2024-11-02,-43.34981918,-21.75532532,07:16:19,"Rua Benjamin Constant, 570"
423,Bom Jardim,10071108,06:55,31,0,2,8,2024-11-02,-43.34933186,-21.75814461,07:16:19,"Avenida Getúlio Vargas, 835"
423,Bom Jardim,10074932,10:25,1,0,0,0,2024-11-02,-43.33308863,-21.73362153,10:25,"Rua Doutor José Rafael de Souza Júnior, 447 - Ponto Final do Bom Jardim"
423,Bom Jardim,10074927,10:25,2,0,0,0,2024-11-02,-43.33266509,-21.7344519,10:29:45,"Rua Doutor José Rafael de Souza Júnior, 345"
423,Bom Jardim,10074644,10:25,3,0,0,0,2024-11-02,-43.33240888,-21.73491986,10:30:05,"Rua Romeu Pastori, 113"
423,Bom Jardim,10074650,10:25,4,0,0,0,2024-11-02,-43.33347237,-21.7345156,10:31:25,"Rua Henrique Miranda Sá, 5"
423,Bom Jardim,10074647,10:25,5,0,0,0,2024-11-02,-43.33386254,-21.73344803,10:31:45,"Rua Henrique Miranda Sá, 362"
423,Bom Jardim,10071237,10:25,6,1,0,1,2024-11-02,-43.33476662,-21.73163586,10:32:05,"Rua Henrique Miranda Sá, 40"
423,Bom Jardim,10071235,10:25,7,0,0,1,2024-11-02,-43.33555722,-21.73134336,10:33:05,"Rua Henrique Miranda Sá, 440"
423,Bom Jardim,10071262,10:25,8,0,0,1,2024-11-02,-43.33672333,-21.73103333,10:33:25,"Rua A, 245 - Escola Municipal Profa. Marlene Barros"
423,Bom Jardim,10074007,10:25,9,0,0,1,2024-11-02,-43.33874893,-21.73138237,10:33:45,"Rua A, 85"
423,Bom Jardim,10071258,10:25,10,0,0,1,2024-11-02,-43.33859253,-21.73217773,10:34:17,"Rua Felício Anjo Baldi, 111"
423,Bom Jardim,10074006,10:25,11,0,0,1,2024-11-02,-43.33692169,-21.73124886,10:35:25,"Rua A, 240"
423,Bom Jardim,10363364,10:25,12,0,0,1,2024-11-02,-43.33622619,-21.73249959,10:35:58,"Rua Canor Simões Coelho, 211"
423,Bom Jardim,10071140,10:25,13,1,0,2,2024-11-02,-43.33565367,-21.73397908,10:36:25,"Rua Canor Simoes Coelho, 31"
423,Bom Jardim,10071233,10:25,14,1,0,3,2024-11-02,-43.33447564,-21.73467193,10:37:05,"Rua Luiz Favero, 355"
423,Bom Jardim,10071141,10:25,15,1,0,4,2024-11-02,-43.33369076,-21.73585701,10:38:25,"Rua Luiz Favero, 219"
423,Bom Jardim,10071145,10:25,16,0,0,4,2024-11-02,-43.33326948,-21.73644066,10:38:45,"Rua Luiz Favero, 129"
423,Bom Jardim,10071133,10:25,17,0,0,4,2024-11-02,-43.33292007,-21.7369194,10:39:05,"Rua Luiz Favero, 71"
423,Bom Jardim,10071363,10:25,18,1,0,5,2024-11-02,-43.3321606,-21.73753497,10:39:25,"Rua Diva Garcia, 1385"
423,Bom Jardim,10071364,10:25,19,0,0,5,2024-11-02,-43.33239829,-21.73910141,10:40:05,"Rua Diva Garcia, 1195"
423,Bom Jardim,10071368,10:25,20,0,0,5,2024-11-02,-43.33536446,-21.74168567,10:41:05,"Rua Diva Garcia, 651"
423,Bom Jardim,10071366,10:25,21,0,0,5,2024-11-02,-43.33644414,-21.74201498,10:41:25,"Rua Diva Garcia, 567"
423,Bom Jardim,10071367,10:25,22,0,0,5,2024-11-02,-43.33857488,-21.74324036,10:41:45,"Rua Diva Garcia, 169"
423,Bom Jardim,10071371,10:25,23,0,0,5,2024-11-02,-43.33868301,-21.74571142,10:42:25,"Rua Vitorino Braga, 1269"
423,Bom Jardim,10074101,10:25,24,0,0,5,2024-11-02,-43.3391571,-21.74756241,10:42:45,"Rua Vitorino Braga, 1015"
423,Bom Jardim,10074103,10:25,25,0,0,5,2024-11-02,-43.34044011,-21.74875691,10:43:05,"Rua Vitorino Braga, 883"
423,Bom Jardim,10074066,10:25,26,0,0,5,2024-11-02,-43.34299265,-21.75008443,10:43:45,"Rua Vitorino Braga, 581"
423,Bom Jardim,10074062,10:25,27,1,0,6,2024-11-02,-43.3445245,-21.75106726,10:44:05,"Rua Vitorino Braga, 361"
423,Bom Jardim,10074067,10:25,28,0,2,4,2024-11-02,-43.34532261,-21.75245094,10:45:03,"Avenida Garibaldi Campinhos, 333"
423,Bom Jardim,10073807,10:25,29,0,0,4,2024-11-02,-43.34744996,-21.75424023,10:46:45,"Rua Benjamin Constant, 263"
423,Bom Jardim,10070915,10:25,30,0,0,4,2024-11-02,-43.34981918,-21.75532532,10:47:05,"Rua Benjamin Constant, 570"
423,Bom Jardim,10071108,10:25,31,0,4,0,2024-11-02,-43.34933186,-21.75814461,10:47:05,"Avenida Getúlio Vargas, 835"
423,Bom Jardim,10074932,11:35,1,0,0,0,2024-11-02,-43.33308863,-21.73362153,11:35,"Rua Doutor José Rafael de Souza Júnior, 447 - Ponto Final do Bom Jardim"
423,Bom Jardim,10074927,11:35,2,0,0,0,2024-11-02,-43.33266509,-21.7344519,11:36:02,"Rua Doutor José Rafael de Souza Júnior, 345"
423,Bom Jardim,10074644,11:35,3,0,0,0,2024-11-02,-43.33240888,-21.73491986,11:37:03,"Rua Romeu Pastori, 113"
423,Bom Jardim,10074650,11:35,4,1,0,1,2024-11-02,-43.33347237,-21.7345156,11:38:03,"Rua Henrique Miranda Sá, 5"
423,Bom Jardim,10074647,11:35,5,0,0,1,2024-11-02,-43.33386254,-21.73344803,11:39:02,"Rua Henrique Miranda Sá, 362"
423,Bom Jardim,10071237,11:35,6,4,0,5,2024-11-02,-43.33476662,-21.73163586,11:39:22,"Rua Henrique Miranda Sá, 40"
423,Bom Jardim,10071235,11:35,7,0,0,5,2024-11-02,-43.33555722,-21.73134336,11:40:18,"Rua Henrique Miranda Sá, 440"
423,Bom Jardim,10071262,11:35,8,0,0,5,2024-11-02,-43.33672333,-21.73103333,11:40:42,"Rua A, 245 - Escola Municipal Profa. Marlene Barros"
423,Bom Jardim,10074007,11:35,9,0,0,5,2024-11-02,-43.33874893,-21.73138237,11:41:22,"Rua A, 85"
423,Bom Jardim,10071258,11:35,10,0,0,5,2024-11-02,-43.33859253,-21.73217773,11:42:02,"Rua Felício Anjo Baldi, 111"
423,Bom Jardim,10074006,11:35,11,0,0,5,2024-11-02,-43.33692169,-21.73124886,11:42:42,"Rua A, 240"
423,Bom Jardim,10363364,11:35,12,0,0,5,2024-11-02,-43.33622619,-21.73249959,11:43:22,"Rua Canor Simões Coelho, 211"
423,Bom Jardim,10071140,11:35,13,0,0,5,2024-11-02,-43.33565367,-21.73397908,11:43:42,"Rua Canor Simoes Coelho, 31"
423,Bom Jardim,10071233,11:35,14,0,0,5,2024-11-02,-43.33447564,-21.73467193,11:44:17,"Rua Luiz Favero, 355"
423,Bom Jardim,10071141,11:35,15,0,0,5,2024-11-02,-43.33369076,-21.73585701,11:44:42,"Rua Luiz Favero, 219"
423,Bom Jardim,10071145,11:35,16,0,0,5,2024-11-02,-43.33326948,-21.73644066,11:44:52,"Rua Luiz Favero, 129"
423,Bom Jardim,10071133,11:35,17,0,0,5,2024-11-02,-43.33292007,-21.7369194,11:45:02,"Rua Luiz Favero, 71"
423,Bom Jardim,10071363,11:35,18,0,1,4,2024-11-02,-43.3321606,-21.73753497,11:45:22,"Rua Diva Garcia, 1385"
423,Bom Jardim,10071364,11:35,19,0,0,4,2024-11-02,-43.33239829,-21.73910141,11:45:42,"Rua Diva Garcia, 1195"
423,Bom Jardim,10071368,11:35,20,0,0,4,2024-11-02,-43.33536446,-21.74168567,11:46:42,"Rua Diva Garcia, 651"
423,Bom Jardim,10071366,11:35,21,0,0,4,2024-11-02,-43.33644414,-21.74201498,11:47:02,"Rua Diva Garcia, 567"
423,Bom Jardim,10071367,11:35,22,2,1,5,2024-11-02,-43.33857488,-21.74324036,11:47:22,"Rua Diva Garcia, 169"
423,Bom Jardim,10071371,11:35,23,0,0,5,2024-11-02,-43.33868301,-21.74571142,11:48:22,"Rua Vitorino Braga, 1269"
423,Bom Jardim,10074101,11:35,24,0,0,5,2024-11-02,-43.3391571,-21.74756241,11:48:42,"Rua Vitorino Braga, 1015"
423,Bom Jardim,10074103,11:35,25,2,0,7,2024-11-02,-43.34044011,-21.74875691,11:49:22,"Rua Vitorino Braga, 883"
423,Bom Jardim,10074066,11:35,26,0,2,5,2024-11-02,-43.34299265,-21.75008443,11:50:22,"Rua Vitorino Braga, 581"
423,Bom Jardim,10074062,11:35,27,1,0,6,2024-11-02,-43.3445245,-21.75106726,11:50:42,"Rua Vitorino Braga, 361"
423,Bom Jardim,10074067,11:35,28,2,3,5,2024-11-02,-43.34532261,-21.75245094,11:51:33,"Avenida Garibaldi Campinhos, 333"
423,Bom Jardim,10073807,11:35,29,0,0,5,2024-11-02,-43.34744996,-21.75424023,11:53:02,"Rua Benjamin Constant, 263"
423,Bom Jardim,10070915,11:35,30,0,0,5,2024-11-02,-43.34981918,-21.75532532,11:53:22,"Rua Benjamin Constant, 570"
423,Bom Jardim,10071108,11:35,31,0,3,2,2024-11-02,-43.34933186,-21.75814461,11:53:22,"Avenida Getúlio Vargas, 835"
423,Bom Jardim,10071108,12:05,1,0,0,0,2024-11-02,-43.34933186,-21.75814461,12:05,"Avenida Getúlio Vargas, 835"
423,Bom Jardim,10070903,12:05,2,3,0,3,2024-11-02,-43.34353638,-21.75967216,12:09:22,"Avenida Francisco Bernardino, 162"
423,Bom Jardim,10073810,12:05,3,0,0,3,2024-11-02,-43.34828949,-21.75475502,12:11:12,"Rua Benjamin Constant, 369"
423,Bom Jardim,10070909,12:05,4,0,0,3,2024-11-02,-43.34473038,-21.75289726,12:13:02,"Rua Professor Lander, 42"
423,Bom Jardim,10074098,12:05,5,0,0,3,2024-11-02,-43.34366989,-21.7511156,12:13:22,"Rua do Monte, 142"
423,Bom Jardim,10074095,12:05,6,0,0,3,2024-11-02,-43.34225988,-21.75015302,12:13:42,"Rua do Monte, 344"
423,Bom Jardim,10071422,12:05,7,1,1,3,2024-11-02,-43.3389076,-21.7482357,12:14:42,"Rua João Henrique Vila Real, 111"
423,Bom Jardim,10071430,12:05,8,0,0,3,2024-11-02,-43.33840549,-21.74709246,12:15:12,"Rua João Henrique Vila Real, 275"
423,Bom Jardim,10071439,12:05,9,0,1,2,2024-11-02,-43.33830928,-21.74333191,12:15:42,"Rua João Henrique Vila Real, 124"
423,Bom Jardim,10071442,12:05,10,0,0,2,2024-11-02,-43.33526218,-21.74197349,12:16:42,"Rua João Henrique Vila Real, 1100"
423,Bom Jardim,10071434,12:05,11,0,0,2,2024-11-02,-43.33201992,-21.73932963,12:18:02,"Rua Diva Garcia, 1180"
423,Bom Jardim,10071436,12:05,12,0,0,2,2024-11-02,-43.33041,-21.73635483,12:19:02,"Rua João Henrique Vila Real, 1580"
423,Bom Jardim,10074912,12:05,13,2,0,4,2024-11-02,-43.33000183,-21.73421798,12:19:42,"Rua Leonora Goretti, 54"
423,Bom Jardim,10074910,12:05,14,0,0,4,2024-11-02,-43.3313446,-21.73523521,12:21:02,"Rua Leonora Goretti, 230"
423,Bom Jardim,10074933,12:05,15,0,0,4,2024-11-02,-43.33237756,-21.73545997,12:21:12,"Rua Esméria de Jesus, 68"
423,Bom Jardim,10074936,12:05,16,0,0,4,2024-11-02,-43.33299494,-21.73519442,12:21:22,"Rua Henrique Miranda Sá, 128"
423,Bom Jardim,10071143,12:05,17,0,1,3,2024-11-02,-43.33363581,-21.73524113,12:22:02,"Rua Alexandre Pinto Coelho, 11"
423,Bom Jardim,10071234,12:05,18,0,1,2,2024-11-02,-43.33430684,-21.73464454,12:22:32,"Rua Luiz Favero, 336"
423,Bom Jardim,10071232,12:05,19,0,0,2,2024-11-02,-43.3347361,-21.73360456,12:23:02,"Rua Luiz Favero, 410"
423,Bom Jardim,10363366,12:05,20,0,0,2,2024-11-02,-43.33521288,-21.7325124,12:24:02,"Rua Luiz Favero, 550"
423,Bom Jardim,10071262,12:05,21,0,0,2,2024-11-02,-43.33672333,-21.73103333,12:24:32,"Rua A, 245 - Escola Municipal Profa. Marlene Barros"
423,Bom Jardim,10363368,12:05,22,0,0,2,2024-11-02,-43.3386341,-21.73204692,12:25:02,"Rua Felício Anjo Baldi, 84"
423,Bom Jardim,10071263,12:05,23,0,0,2,2024-11-02,-43.33823776,-21.73137665,12:26:20,"Rua A, 136"
423,Bom Jardim,10074006,12:05,24,0,0,2,2024-11-02,-43.33692169,-21.73124886,12:26:40,"Rua A, 240"
423,Bom Jardim,10363367,12:05,25,0,0,2,2024-11-02,-43.33563279,-21.73143333,12:27:02,"Rua Henrique Miranda Sá, 459"
423,Bom Jardim,10072120,12:05,26,0,0,2,2024-11-02,-43.33530807,-21.73003197,12:27:42,"Rua Cecília Filgueiras Fávero, 85"
423,Bom Jardim,10071238,12:05,27,3,0,5,2024-11-02,-43.33474147,-21.73181515,12:29:02,"Rua Henrique Miranda Sá, 537"
423,Bom Jardim,10342893,12:05,28,0,0,5,2024-11-02,-43.33400303,-21.73340373,12:29:41,"Rua Henrique Miranda Sá, 361"
423,Bom Jardim,10074651,12:05,29,0,0,5,2024-11-02,-43.33361017,-21.73456603,12:30:02,"Rua Henrique Miranda Sá, 227"
423,Bom Jardim,10074935,12:05,30,0,0,5,2024-11-02,-43.33241344,-21.73503218,12:30:42,"Rua Romeu Pastori, 110"
423,Bom Jardim,10074930,12:05,31,0,0,5,2024-11-02,-43.33167469,-21.73461046,12:30:56,"Rua Romeu Pastori, 204"
423,Bom Jardim,10074928,12:05,32,0,5,0,2024-11-02,-43.33092839,-21.73344406,12:31:28,"Rua Romeu Pastori, 300"
423,Bom Jardim,10074937,12:05,33,0,0,0,2024-11-02,-43.33042145,-21.733284,12:32:01,"Rua Heitor Santos Júnior, 9"
423,Bom Jardim,10074916,12:05,34,0,0,0,2024-11-02,-43.33092499,-21.7319403,12:32:10,Rua D
423,Bom Jardim,10074914,12:05,35,0,0,0,2024-11-02,-43.33146298,-21.73280008,12:33:16,Rua A
423,Bom Jardim,10074925,12:05,36,0,0,0,2024-11-02,-43.33102036,-21.73333931,12:33:36,"Rua Romeu Pastori, 301"
423,Bom Jardim,10074923,12:05,37,0,0,0,2024-11-02,-43.33180688,-21.73399167,12:33:56,"Rua Romeu Pastori, 234"
423,Bom Jardim,10342892,12:05,38,0,0,0,2024-11-02,-43.33258974,-21.73432414,12:34:16,"Rua Doutor José Rafael de Souza Júnior, 350"
423,Bom Jardim,10074932,12:05,39,0,0,0,2024-11-02,-43.33308863,-21.73362153,12:34:36,"Rua Doutor José Rafael de Souza Júnior, 447 - Ponto Final do Bom Jardim"
423,Bom Jardim,10074932,12:45,1,0,0,0,2024-11-02,-43.33308863,-21.73362153,12:45,"Rua Doutor José Rafael de Souza Júnior, 447 - Ponto Final do Bom Jardim"
423,Bom Jardim,10074927,12:45,2,0,0,0,2024-11-02,-43.33266509,-21.7344519,12:48:40,"Rua Doutor José Rafael de Souza Júnior, 345"
423,Bom Jardim,10074644,12:45,3,0,0,0,2024-11-02,-43.33240888,-21.73491986,12:48:55,"Rua Romeu Pastori, 113"
423,Bom Jardim,10074650,12:45,4,0,0,0,2024-11-02,-43.33347237,-21.7345156,12:49:41,"Rua Henrique Miranda Sá, 5"
423,Bom Jardim,10074647,12:45,5,0,0,0,2024-11-02,-43.33386254,-21.73344803,12:50:20,"Rua Henrique Miranda Sá, 362"
423,Bom Jardim,10071237,12:45,6,2,0,2,2024-11-02,-43.33476662,-21.73163586,12:50:40,"Rua Henrique Miranda Sá, 40"
423,Bom Jardim,10071235,12:45,7,0,0,2,2024-11-02,-43.33555722,-21.73134336,12:51:40,"Rua Henrique Miranda Sá, 440"
423,Bom Jardim,10071262,12:45,8,0,0,2,2024-11-02,-43.33672333,-21.73103333,12:52:10,"Rua A, 245 - Escola Municipal Profa. Marlene Barros"
423,Bom Jardim,10074007,12:45,9,0,0,2,2024-11-02,-43.33874893,-21.73138237,12:52:40,"Rua A, 85"
423,Bom Jardim,10071258,12:45,10,0,0,2,2024-11-02,-43.33859253,-21.73217773,12:53:20,"Rua Felício Anjo Baldi, 111"
423,Bom Jardim,10074006,12:45,11,0,0,2,2024-11-02,-43.33692169,-21.73124886,12:54:20,"Rua A, 240"
423,Bom Jardim,10363364,12:45,12,0,0,2,2024-11-02,-43.33622619,-21.73249959,12:54:49,"Rua Canor Simões Coelho, 211"
423,Bom Jardim,10071140,12:45,13,0,0,2,2024-11-02,-43.33565367,-21.73397908,12:55,"Rua Canor Simoes Coelho, 31"
423,Bom Jardim,10071233,12:45,14,1,0,3,2024-11-02,-43.33447564,-21.73467193,12:55:39,"Rua Luiz Favero, 355"
423,Bom Jardim,10071141,12:45,15,1,0,4,2024-11-02,-43.33369076,-21.73585701,12:56:20,"Rua Luiz Favero, 219"
423,Bom Jardim,10071145,12:45,16,0,0,4,2024-11-02,-43.33326948,-21.73644066,12:56:40,"Rua Luiz Favero, 129"
423,Bom Jardim,10071133,12:45,17,0,0,4,2024-11-02,-43.33292007,-21.7369194,12:57,"Rua Luiz Favero, 71"
423,Bom Jardim,10071363,12:45,18,0,0,4,2024-11-02,-43.3321606,-21.73753497,12:57:20,"Rua Diva Garcia, 1385"
423,Bom Jardim,10071364,12:45,19,0,0,4,2024-11-02,-43.33239829,-21.73910141,12:58,"Rua Diva Garcia, 1195"
423,Bom Jardim,10071368,12:45,20,0,0,4,2024-11-02,-43.33536446,-21.74168567,12:58:40,"Rua Diva Garcia, 651"
423,Bom Jardim,10071366,12:45,21,0,0,4,2024-11-02,-43.33644414,-21.74201498,12:59,"Rua Diva Garcia, 567"
423,Bom Jardim,10071367,12:45,22,0,0,4,2024-11-02,-43.33857488,-21.74324036,12:59:40,"Rua Diva Garcia, 169"
423,Bom Jardim,10071371,12:45,23,0,0,4,2024-11-02,-43.33868301,-21.74571142,13:00,"Rua Vitorino Braga, 1269"
423,Bom Jardim,10074101,12:45,24,1,0,5,2024-11-02,-43.3391571,-21.74756241,13:00:20,"Rua Vitorino Braga, 1015"
423,Bom Jardim,10074103,12:45,25,0,0,5,2024-11-02,-43.34044011,-21.74875691,13:01,"Rua Vitorino Braga, 883"
423,Bom Jardim,10074066,12:45,26,0,1,4,2024-11-02,-43.34299265,-21.75008443,13:01:40,"Rua Vitorino Braga, 581"
423,Bom Jardim,10074062,12:45,27,4,0,8,2024-11-02,-43.3445245,-21.75106726,13:02,"Rua Vitorino Braga, 361"
423,Bom Jardim,10074067,12:45,28,0,4,4,2024-11-02,-43.34532261,-21.75245094,13:02:46,"Avenida Garibaldi Campinhos, 333"
423,Bom Jardim,10073807,12:45,29,0,0,4,2024-11-02,-43.34744996,-21.75424023,13:03:43,"Rua Benjamin Constant, 263"
423,Bom Jardim,10070915,12:45,30,0,0,4,2024-11-02,-43.34981918,-21.75532532,13:04:40,"Rua Benjamin Constant, 570"
423,Bom Jardim,10071108,12:45,31,0,4,0,2024-11-02,-43.34933186,-21.75814461,13:04:40,"Avenida Getúlio Vargas, 835"
423,Bom Jardim,10074932,13:55,1,0,0,0,2024-11-02,-43.33308863,-21.73362153,13:55,"Rua Doutor José Rafael de Souza Júnior, 447 - Ponto Final do Bom Jardim"
423,Bom Jardim,10074927,13:55,2,0,0,0,2024-11-02,-43.33266509,-21.7344519,13:59:19,"Rua Doutor José Rafael de Souza Júnior, 345"
423,Bom Jardim,10074644,13:55,3,3,0,3,2024-11-02,-43.33240888,-21.73491986,14:00:19,"Rua Romeu Pastori, 113"
423,Bom Jardim,10074650,13:55,4,0,0,3,2024-11-02,-43.33347237,-21.7345156,14:01:39,"Rua Henrique Miranda Sá, 5"
423,Bom Jardim,10074647,13:55,5,0,0,3,2024-11-02,-43.33386254,-21.73344803,14:01:59,"Rua Henrique Miranda Sá, 362"
423,Bom Jardim,10071237,13:55,6,1,0,4,2024-11-02,-43.33476662,-21.73163586,14:02:19,"Rua Henrique Miranda Sá, 40"
423,Bom Jardim,10071235,13:55,7,0,0,4,2024-11-02,-43.33555722,-21.73134336,14:02:59,"Rua Henrique Miranda Sá, 440"
423,Bom Jardim,10071262,13:55,8,0,0,4,2024-11-02,-43.33672333,-21.73103333,14:03:19,"Rua A, 245 - Escola Municipal Profa. Marlene Barros"
423,Bom Jardim,10074007,13:55,9,0,0,4,2024-11-02,-43.33874893,-21.73138237,14:03:39,"Rua A, 85"
423,Bom Jardim,10071258,13:55,10,0,0,4,2024-11-02,-43.33859253,-21.73217773,14:04:33,"Rua Felício Anjo Baldi, 111"
423,Bom Jardim,10074006,13:55,11,0,0,4,2024-11-02,-43.33692169,-21.73124886,14:05:19,"Rua A, 240"
423,Bom Jardim,10363364,13:55,12,0,0,4,2024-11-02,-43.33622619,-21.73249959,14:06:03,"Rua Canor Simões Coelho, 211"
423,Bom Jardim,10071140,13:55,13,0,0,4,2024-11-02,-43.33565367,-21.73397908,14:06:39,"Rua Canor Simoes Coelho, 31"
423,Bom Jardim,10071233,13:55,14,0,0,4,2024-11-02,-43.33447564,-21.73467193,14:06:55,"Rua Luiz Favero, 355"
423,Bom Jardim,10071141,13:55,15,0,0,4,2024-11-02,-43.33369076,-21.73585701,14:07:39,"Rua Luiz Favero, 219"
423,Bom Jardim,10071145,13:55,16,0,0,4,2024-11-02,-43.33326948,-21.73644066,14:07:46,"Rua Luiz Favero, 129"
423,Bom Jardim,10071133,13:55,17,0,0,4,2024-11-02,-43.33292007,-21.7369194,14:07:52,"Rua Luiz Favero, 71"
423,Bom Jardim,10071363,13:55,18,5,1,8,2024-11-02,-43.3321606,-21.73753497,14:07:59,"Rua Diva Garcia, 1385"
423,Bom Jardim,10071364,13:55,19,1,0,9,2024-11-02,-43.33239829,-21.73910141,14:08:59,"Rua Diva Garcia, 1195"
423,Bom Jardim,10071368,13:55,20,0,0,9,2024-11-02,-43.33536446,-21.74168567,14:09:29,"Rua Diva Garcia, 651"
423,Bom Jardim,10071366,13:55,21,0,0,9,2024-11-02,-43.33644414,-21.74201498,14:09:59,"Rua Diva Garcia, 567"
423,Bom Jardim,10071367,13:55,22,1,1,9,2024-11-02,-43.33857488,-21.74324036,14:10:39,"Rua Diva Garcia, 169"
423,Bom Jardim,10071371,13:55,23,0,0,9,2024-11-02,-43.33868301,-21.74571142,14:11:19,"Rua Vitorino Braga, 1269"
423,Bom Jardim,10074101,13:55,24,0,0,9,2024-11-02,-43.3391571,-21.74756241,14:11:39,"Rua Vitorino Braga, 1015"
423,Bom Jardim,10074103,13:55,25,0,0,9,2024-11-02,-43.34044011,-21.74875691,14:11:59,"Rua Vitorino Braga, 883"
423,Bom Jardim,10074066,13:55,26,0,2,7,2024-11-02,-43.34299265,-21.75008443,14:12:19,"Rua Vitorino Braga, 581"
423,Bom Jardim,10074062,13:55,27,2,0,9,2024-11-02,-43.3445245,-21.75106726,14:12:39,"Rua Vitorino Braga, 361"
423,Bom Jardim,10074067,13:55,28,0,3,6,2024-11-02,-43.34532261,-21.75245094,14:13:33,"Avenida Garibaldi Campinhos, 333"
423,Bom Jardim,10073807,13:55,29,0,0,6,2024-11-02,-43.34744996,-21.75424023,14:15:19,"Rua Benjamin Constant, 263"
423,Bom Jardim,10070915,13:55,30,0,0,6,2024-11-02,-43.34981918,-21.75532532,14:15:59,"Rua Benjamin Constant, 570"
423,Bom Jardim,10071108,13:55,31,0,3,3,2024-11-02,-43.34933186,-21.75814461,14:15:59,"Avenida Getúlio Vargas, 835"
423,Bom Jardim,10074932,15:05,1,0,0,0,2024-11-02,-43.33308863,-21.73362153,15:05,"Rua Doutor José Rafael de Souza Júnior, 447 - Ponto Final do Bom Jardim"
423,Bom Jardim,10074927,15:05,2,0,0,0,2024-11-02,-43.33266509,-21.7344519,15:14:56,"Rua Doutor José Rafael de Souza Júnior, 345"
423,Bom Jardim,10074644,15:05,3,0,0,0,2024-11-02,-43.33240888,-21.73491986,15:15:14,"Rua Romeu Pastori, 113"
423,Bom Jardim,10074650,15:05,4,2,0,2,2024-11-02,-43.33347237,-21.7345156,15:16:36,"Rua Henrique Miranda Sá, 5"
423,Bom Jardim,10074647,15:05,5,0,0,2,2024-11-02,-43.33386254,-21.73344803,15:17:16,"Rua Henrique Miranda Sá, 362"
423,Bom Jardim,10071237,15:05,6,1,0,3,2024-11-02,-43.33476662,-21.73163586,15:17:36,"Rua Henrique Miranda Sá, 40"
423,Bom Jardim,10071235,15:05,7,1,0,4,2024-11-02,-43.33555722,-21.73134336,15:18:36,"Rua Henrique Miranda Sá, 440"
423,Bom Jardim,10071262,15:05,8,0,0,4,2024-11-02,-43.33672333,-21.73103333,15:19:16,"Rua A, 245 - Escola Municipal Profa. Marlene Barros"
423,Bom Jardim,10074007,15:05,9,0,0,4,2024-11-02,-43.33874893,-21.73138237,15:19:36,"Rua A, 85"
423,Bom Jardim,10071258,15:05,10,0,0,4,2024-11-02,-43.33859253,-21.73217773,15:20:11,"Rua Felício Anjo Baldi, 111"
423,Bom Jardim,10074006,15:05,11,0,0,4,2024-11-02,-43.33692169,-21.73124886,15:20:54,"Rua A, 240"
423,Bom Jardim,10363364,15:05,12,0,0,4,2024-11-02,-43.33622619,-21.73249959,15:21:36,"Rua Canor Simões Coelho, 211"
423,Bom Jardim,10071140,15:05,13,0,0,4,2024-11-02,-43.33565367,-21.73397908,15:21:56,"Rua Canor Simoes Coelho, 31"
423,Bom Jardim,10071233,15:05,14,4,0,8,2024-11-02,-43.33447564,-21.73467193,15:22:16,"Rua Luiz Favero, 355"
423,Bom Jardim,10071141,15:05,15,0,0,8,2024-11-02,-43.33369076,-21.73585701,15:23:16,"Rua Luiz Favero, 219"
423,Bom Jardim,10071145,15:05,16,0,0,8,2024-11-02,-43.33326948,-21.73644066,15:23:26,"Rua Luiz Favero, 129"
423,Bom Jardim,10071133,15:05,17,0,0,8,2024-11-02,-43.33292007,-21.7369194,15:23:36,"Rua Luiz Favero, 71"
423,Bom Jardim,10071363,15:05,18,2,1,9,2024-11-02,-43.3321606,-21.73753497,15:23:48,"Rua Diva Garcia, 1385"
423,Bom Jardim,10071364,15:05,19,0,0,9,2024-11-02,-43.33239829,-21.73910141,15:24:56,"Rua Diva Garcia, 1195"
423,Bom Jardim,10071368,15:05,20,0,0,9,2024-11-02,-43.33536446,-21.74168567,15:25:36,"Rua Diva Garcia, 651"
423,Bom Jardim,10071366,15:05,21,0,0,9,2024-11-02,-43.33644414,-21.74201498,15:26:36,"Rua Diva Garcia, 567"
423,Bom Jardim,10071367,15:05,22,0,1,8,2024-11-02,-43.33857488,-21.74324036,15:26:56,"Rua Diva Garcia, 169"
423,Bom Jardim,10071371,15:05,23,0,0,8,2024-11-02,-43.33868301,-21.74571142,15:27:36,"Rua Vitorino Braga, 1269"
423,Bom Jardim,10074101,15:05,24,0,0,8,2024-11-02,-43.3391571,-21.74756241,15:27:56,"Rua Vitorino Braga, 1015"
423,Bom Jardim,10074103,15:05,25,1,0,9,2024-11-02,-43.34044011,-21.74875691,15:28:16,"Rua Vitorino Braga, 883"
423,Bom Jardim,10074066,15:05,26,0,2,7,2024-11-02,-43.34299265,-21.75008443,15:28:56,"Rua Vitorino Braga, 581"
423,Bom Jardim,10074062,15:05,27,4,0,11,2024-11-02,-43.3445245,-21.75106726,15:29:16,"Rua Vitorino Braga, 361"
423,Bom Jardim,10074067,15:05,28,0,3,8,2024-11-02,-43.34532261,-21.75245094,15:30:28,"Avenida Garibaldi Campinhos, 333"
423,Bom Jardim,10073807,15:05,29,0,0,8,2024-11-02,-43.34744996,-21.75424023,15:31:32,"Rua Benjamin Constant, 263"
423,Bom Jardim,10070915,15:05,30,0,0,8,2024-11-02,-43.34981918,-21.75532532,15:32:35,"Rua Benjamin Constant, 570"
423,Bom Jardim,10071108,15:05,31,0,3,5,2024-11-02,-43.34933186,-21.75814461,15:32:35,"Avenida Getúlio Vargas, 835"
423,Bom Jardim,10071108,15:35,1,0,0,0,2024-11-02,-43.34933186,-21.75814461,15:35,"Avenida Getúlio Vargas, 835"
423,Bom Jardim,10070903,15:35,2,4,0,4,2024-11-02,-43.34353638,-21.75967216,15:38:15,"Avenida Francisco Bernardino, 162"
423,Bom Jardim,10073810,15:35,3,0,0,4,2024-11-02,-43.34828949,-21.75475502,15:40:15,"Rua Benjamin Constant, 369"
423,Bom Jardim,10070909,15:35,4,2,0,6,2024-11-02,-43.34473038,-21.75289726,15:42:15,"Rua Professor Lander, 42"
423,Bom Jardim,10074098,15:35,5,0,1,5,2024-11-02,-43.34366989,-21.7511156,15:43:15,"Rua do Monte, 142"
423,Bom Jardim,10074095,15:35,6,0,0,5,2024-11-02,-43.34225988,-21.75015302,15:43:35,"Rua do Monte, 344"
423,Bom Jardim,10071422,15:35,7,0,0,5,2024-11-02,-43.3389076,-21.7482357,15:44:05,"Rua João Henrique Vila Real, 111"
423,Bom Jardim,10071430,15:35,8,0,0,5,2024-11-02,-43.33840549,-21.74709246,15:44:35,"Rua João Henrique Vila Real, 275"
423,Bom Jardim,10071439,15:35,9,0,0,5,2024-11-02,-43.33830928,-21.74333191,15:45:15,"Rua João Henrique Vila Real, 124"
423,Bom Jardim,10071442,15:35,10,0,0,5,2024-11-02,-43.33526218,-21.74197349,15:45:55,"Rua João Henrique Vila Real, 1100"
423,Bom Jardim,10071434,15:35,11,0,0,5,2024-11-02,-43.33201992,-21.73932963,15:46:35,"Rua Diva Garcia, 1180"
423,Bom Jardim,10071436,15:35,12,0,1,4,2024-11-02,-43.33041,-21.73635483,15:47:15,"Rua João Henrique Vila Real, 1580"
423,Bom Jardim,10074912,15:35,13,0,0,4,2024-11-02,-43.33000183,-21.73421798,15:47:55,"Rua Leonora Goretti, 54"
423,Bom Jardim,10074910,15:35,14,0,0,4,2024-11-02,-43.3313446,-21.73523521,15:48:14,"Rua Leonora Goretti, 230"
423,Bom Jardim,10074933,15:35,15,0,0,4,2024-11-02,-43.33237756,-21.73545997,15:48:34,"Rua Esméria de Jesus, 68"
423,Bom Jardim,10074936,15:35,16,0,0,4,2024-11-02,-43.33299494,-21.73519442,15:48:50,"Rua Henrique Miranda Sá, 128"
423,Bom Jardim,10071143,15:35,17,0,1,3,2024-11-02,-43.33363581,-21.73524113,15:49:32,"Rua Alexandre Pinto Coelho, 11"
423,Bom Jardim,10071234,15:35,18,0,1,2,2024-11-02,-43.33430684,-21.73464454,15:49:54,"Rua Luiz Favero, 336"
423,Bom Jardim,10071232,15:35,19,0,1,1,2024-11-02,-43.3347361,-21.73360456,15:50:14,"Rua Luiz Favero, 410"
423,Bom Jardim,10363366,15:35,20,0,0,1,2024-11-02,-43.33521288,-21.7325124,15:50:54,"Rua Luiz Favero, 550"
423,Bom Jardim,10071262,15:35,21,0,0,1,2024-11-02,-43.33672333,-21.73103333,15:51:34,"Rua A, 245 - Escola Municipal Profa. Marlene Barros"
423,Bom Jardim,10363368,15:35,22,0,0,1,2024-11-02,-43.3386341,-21.73204692,15:52:33,"Rua Felício Anjo Baldi, 84"
423,Bom Jardim,10071263,15:35,23,0,0,1,2024-11-02,-43.33823776,-21.73137665,15:53:14,"Rua A, 136"
423,Bom Jardim,10074006,15:35,24,0,0,1,2024-11-02,-43.33692169,-21.73124886,15:53:34,"Rua A, 240"
423,Bom Jardim,10363367,15:35,25,0,0,1,2024-11-02,-43.33563279,-21.73143333,15:54:14,"Rua Henrique Miranda Sá, 459"
423,Bom Jardim,10072120,15:35,26,0,0,1,2024-11-02,-43.33530807,-21.73003197,15:54:54,"Rua Cecília Filgueiras Fávero, 85"
423,Bom Jardim,10071238,15:35,27,0,1,0,2024-11-02,-43.33474147,-21.73181515,15:56:22,"Rua Henrique Miranda Sá, 537"
423,Bom Jardim,10342893,15:35,28,0,0,0,2024-11-02,-43.33400303,-21.73340373,15:56:54,"Rua Henrique Miranda Sá, 361"
423,Bom Jardim,10074651,15:35,29,0,0,0,2024-11-02,-43.33361017,-21.73456603,15:57:13,"Rua Henrique Miranda Sá, 227"
423,Bom Jardim,10074935,15:35,30,0,0,0,2024-11-02,-43.33241344,-21.73503218,15:57:34,"Rua Romeu Pastori, 110"
423,Bom Jardim,10074930,15:35,31,0,0,0,2024-11-02,-43.33167469,-21.73461046,15:57:46,"Rua Romeu Pastori, 204"
423,Bom Jardim,10074928,15:35,32,0,0,0,2024-11-02,-43.33092839,-21.73344406,15:58:20,"Rua Romeu Pastori, 300"
423,Bom Jardim,10074937,15:35,33,0,0,0,2024-11-02,-43.33042145,-21.733284,15:58:55,"Rua Heitor Santos Júnior, 9"
423,Bom Jardim,10074916,15:35,34,0,0,0,2024-11-02,-43.33092499,-21.7319403,15:59:29,Rua D
423,Bom Jardim,10074914,15:35,35,0,0,0,2024-11-02,-43.33146298,-21.73280008,16:00:14,Rua A
423,Bom Jardim,10074925,15:35,36,0,0,0,2024-11-02,-43.33102036,-21.73333931,16:00:34,"Rua Romeu Pastori, 301"
423,Bom Jardim,10074923,15:35,37,0,0,0,2024-11-02,-43.33180688,-21.73399167,16:00:54,"Rua Romeu Pastori, 234"
423,Bom Jardim,10342892,15:35,38,0,0,0,2024-11-02,-43.33258974,-21.73432414,16:01:14,"Rua Doutor José Rafael de Souza Júnior, 350"
423,Bom Jardim,10074932,15:35,39,0,0,0,2024-11-02,-43.33308863,-21.73362153,16:01:34,"Rua Doutor José Rafael de Souza Júnior, 447 - Ponto Final do Bom Jardim"
423,Bom Jardim,10074932,16:15,1,0,0,0,2024-11-02,-43.33308863,-21.73362153,16:15,"Rua Doutor José Rafael de Souza Júnior, 447 - Ponto Final do Bom Jardim"
423,Bom Jardim,10074927,16:15,2,0,0,0,2024-11-02,-43.33266509,-21.7344519,16:22:12,"Rua Doutor José Rafael de Souza Júnior, 345"
423,Bom Jardim,10074644,16:15,3,0,0,0,2024-11-02,-43.33240888,-21.73491986,16:22:32,"Rua Romeu Pastori, 113"
423,Bom Jardim,10074650,16:15,4,0,0,0,2024-11-02,-43.33347237,-21.7345156,16:24:12,"Rua Henrique Miranda Sá, 5"
423,Bom Jardim,10074647,16:15,5,1,0,1,2024-11-02,-43.33386254,-21.73344803,16:24:32,"Rua Henrique Miranda Sá, 362"
423,Bom Jardim,10071237,16:15,6,0,1,0,2024-11-02,-43.33476662,-21.73163586,16:25:12,"Rua Henrique Miranda Sá, 40"
423,Bom Jardim,10071235,16:15,7,0,0,0,2024-11-02,-43.33555722,-21.73134336,16:25:27,"Rua Henrique Miranda Sá, 440"
423,Bom Jardim,10071262,16:15,8,0,0,0,2024-11-02,-43.33672333,-21.73103333,16:25:52,"Rua A, 245 - Escola Municipal Profa. Marlene Barros"
423,Bom Jardim,10074007,16:15,9,0,0,0,2024-11-02,-43.33874893,-21.73138237,16:26:32,"Rua A, 85"
423,Bom Jardim,10071258,16:15,10,0,0,0,2024-11-02,-43.33859253,-21.73217773,16:27:12,"Rua Felício Anjo Baldi, 111"
423,Bom Jardim,10074006,16:15,11,0,0,0,2024-11-02,-43.33692169,-21.73124886,16:27:52,"Rua A, 240"
423,Bom Jardim,10363364,16:15,12,0,0,0,2024-11-02,-43.33622619,-21.73249959,16:28:52,"Rua Canor Simões Coelho, 211"
423,Bom Jardim,10071140,16:15,13,0,0,0,2024-11-02,-43.33565367,-21.73397908,16:29:12,"Rua Canor Simoes Coelho, 31"
423,Bom Jardim,10071233,16:15,14,1,0,1,2024-11-02,-43.33447564,-21.73467193,16:29:32,"Rua Luiz Favero, 355"
423,Bom Jardim,10071141,16:15,15,0,0,1,2024-11-02,-43.33369076,-21.73585701,16:30:32,"Rua Luiz Favero, 219"
423,Bom Jardim,10071145,16:15,16,0,0,1,2024-11-02,-43.33326948,-21.73644066,16:30:42,"Rua Luiz Favero, 129"
423,Bom Jardim,10071133,16:15,17,0,0,1,2024-11-02,-43.33292007,-21.7369194,16:30:52,"Rua Luiz Favero, 71"
423,Bom Jardim,10071363,16:15,18,2,0,3,2024-11-02,-43.3321606,-21.73753497,16:31:06,"Rua Diva Garcia, 1385"
423,Bom Jardim,10071364,16:15,19,0,0,3,2024-11-02,-43.33239829,-21.73910141,16:31:52,"Rua Diva Garcia, 1195"
423,Bom Jardim,10071368,16:15,20,0,0,3,2024-11-02,-43.33536446,-21.74168567,16:32:22,"Rua Diva Garcia, 651"
423,Bom Jardim,10071366,16:15,21,0,0,3,2024-11-02,-43.33644414,-21.74201498,16:32:52,"Rua Diva Garcia, 567"
423,Bom Jardim,10071367,16:15,22,1,0,4,2024-11-02,-43.33857488,-21.74324036,16:33:12,"Rua Diva Garcia, 169"
423,Bom Jardim,10071371,16:15,23,1,0,5,2024-11-02,-43.33868301,-21.74571142,16:34:11,"Rua Vitorino Braga, 1269"
423,Bom Jardim,10074101,16:15,24,0,0,5,2024-11-02,-43.3391571,-21.74756241,16:34:51,"Rua Vitorino Braga, 1015"
423,Bom Jardim,10074103,16:15,25,0,0,5,2024-11-02,-43.34044011,-21.74875691,16:35:11,"Rua Vitorino Braga, 883"
423,Bom Jardim,10074066,16:15,26,0,0,5,2024-11-02,-43.34299265,-21.75008443,16:35:31,"Rua Vitorino Braga, 581"
423,Bom Jardim,10074062,16:15,27,0,0,5,2024-11-02,-43.3445245,-21.75106726,16:35:51,"Rua Vitorino Braga, 361"
423,Bom Jardim,10074067,16:15,28,0,0,5,2024-11-02,-43.34532261,-21.75245094,16:36:18,"Avenida Garibaldi Campinhos, 333"
423,Bom Jardim,10073807,16:15,29,0,0,5,2024-11-02,-43.34744996,-21.75424023,16:37:31,"Rua Benjamin Constant, 263"
423,Bom Jardim,10070915,16:15,30,0,0,5,2024-11-02,-43.34981918,-21.75532532,16:37:51,"Rua Benjamin Constant, 570"
423,Bom Jardim,10071108,16:15,31,0,3,2,2024-11-02,-43.34933186,-21.75814461,16:37:51,"Avenida Getúlio Vargas, 835"
423,Bom Jardim,10071108,18:05,1,0,0,0,2024-11-02,-43.34933186,-21.75814461,18:05,"Avenida Getúlio Vargas, 835"
423,Bom Jardim,10070903,18:05,2,3,0,3,2024-11-02,-43.34353638,-21.75967216,18:08:04,"Avenida Francisco Bernardino, 162"
423,Bom Jardim,10073810,18:05,3,0,0,3,2024-11-02,-43.34828949,-21.75475502,18:10:34,"Rua Benjamin Constant, 369"
423,Bom Jardim,10070909,18:05,4,3,0,6,2024-11-02,-43.34473038,-21.75289726,18:13:03,"Rua Professor Lander, 42"
423,Bom Jardim,10074098,18:05,5,0,2,4,2024-11-02,-43.34366989,-21.7511156,18:14:23,"Rua do Monte, 142"
423,Bom Jardim,10074095,18:05,6,2,0,6,2024-11-02,-43.34225988,-21.75015302,18:15:03,"Rua do Monte, 344"
423,Bom Jardim,10071422,18:05,7,0,0,6,2024-11-02,-43.3389076,-21.7482357,18:16:43,"Rua João Henrique Vila Real, 111"
423,Bom Jardim,10071430,18:05,8,0,0,6,2024-11-02,-43.33840549,-21.74709246,18:17:13,"Rua João Henrique Vila Real, 275"
423,Bom Jardim,10071439,18:05,9,1,1,6,2024-11-02,-43.33830928,-21.74333191,18:17:43,"Rua João Henrique Vila Real, 124"
423,Bom Jardim,10071442,18:05,10,0,0,6,2024-11-02,-43.33526218,-21.74197349,18:18:43,"Rua João Henrique Vila Real, 1100"
423,Bom Jardim,10071434,18:05,11,0,1,5,2024-11-02,-43.33201992,-21.73932963,18:19:23,"Rua Diva Garcia, 1180"
423,Bom Jardim,10071436,18:05,12,1,5,1,2024-11-02,-43.33041,-21.73635483,18:21:03,"Rua João Henrique Vila Real, 1580"
423,Bom Jardim,10074912,18:05,13,0,1,0,2024-11-02,-43.33000183,-21.73421798,18:22:43,"Rua Leonora Goretti, 54"
423,Bom Jardim,10074910,18:05,14,0,0,0,2024-11-02,-43.3313446,-21.73523521,18:23:39,"Rua Leonora Goretti, 230"
423,Bom Jardim,10074933,18:05,15,0,0,0,2024-11-02,-43.33237756,-21.73545997,18:24:22,"Rua Esméria de Jesus, 68"
423,Bom Jardim,10074936,18:05,16,0,0,0,2024-11-02,-43.33299494,-21.73519442,18:24:42,"Rua Henrique Miranda Sá, 128"
423,Bom Jardim,10071143,18:05,17,0,0,0,2024-11-02,-43.33363581,-21.73524113,18:25:22,"Rua Alexandre Pinto Coelho, 11"
423,Bom Jardim,10071234,18:05,18,0,0,0,2024-11-02,-43.33430684,-21.73464454,18:26:02,"Rua Luiz Favero, 336"
423,Bom Jardim,10071232,18:05,19,0,0,0,2024-11-02,-43.3347361,-21.73360456,18:26:42,"Rua Luiz Favero, 410"
423,Bom Jardim,10363366,18:05,20,0,0,0,2024-11-02,-43.33521288,-21.7325124,18:27:02,"Rua Luiz Favero, 550"
423,Bom Jardim,10071262,18:05,21,0,0,0,2024-11-02,-43.33672333,-21.73103333,18:27:42,"Rua A, 245 - Escola Municipal Profa. Marlene Barros"
423,Bom Jardim,10363368,18:05,22,0,0,0,2024-11-02,-43.3386341,-21.73204692,18:28:42,"Rua Felício Anjo Baldi, 84"
423,Bom Jardim,10071263,18:05,23,0,0,0,2024-11-02,-43.33823776,-21.73137665,18:29:42,"Rua A, 136"
423,Bom Jardim,10074006,18:05,24,0,0,0,2024-11-02,-43.33692169,-21.73124886,18:30:02,"Rua A, 240"
423,Bom Jardim,10363367,18:05,25,0,0,0,2024-11-02,-43.33563279,-21.73143333,18:30:22,"Rua Henrique Miranda Sá, 459"
423,Bom Jardim,10072120,18:05,26,0,0,0,2024-11-02,-43.33530807,-21.73003197,18:31:02,"Rua Cecília Filgueiras Fávero, 85"
423,Bom Jardim,10071238,18:05,27,0,0,0,2024-11-02,-43.33474147,-21.73181515,18:32:42,"Rua Henrique Miranda Sá, 537"
423,Bom Jardim,10342893,18:05,28,0,0,0,2024-11-02,-43.33400303,-21.73340373,18:33:02,"Rua Henrique Miranda Sá, 361"
423,Bom Jardim,10074651,18:05,29,0,0,0,2024-11-02,-43.33361017,-21.73456603,18:33:22,"Rua Henrique Miranda Sá, 227"
423,Bom Jardim,10074935,18:05,30,0,0,0,2024-11-02,-43.33241344,-21.73503218,18:33:42,"Rua Romeu Pastori, 110"
423,Bom Jardim,10074930,18:05,31,0,0,0,2024-11-02,-43.33167469,-21.73461046,18:34:02,"Rua Romeu Pastori, 204"
423,Bom Jardim,10074928,18:05,32,0,0,0,2024-11-02,-43.33092839,-21.73344406,18:35:41,"Rua Romeu Pastori, 300"
423,Bom Jardim,10074937,18:05,33,0,0,0,2024-11-02,-43.33042145,-21.733284,18:36:21,"Rua Heitor Santos Júnior, 9"
423,Bom Jardim,10074916,18:05,34,0,0,0,2024-11-02,-43.33092499,-21.7319403,18:36:41,Rua D
423,Bom Jardim,10074914,18:05,35,0,0,0,2024-11-02,-43.33146298,-21.73280008,18:37:41,Rua A
423,Bom Jardim,10074925,18:05,36,2,0,2,2024-11-02,-43.33102036,-21.73333931,18:38:01,"Rua Romeu Pastori, 301"
423,Bom Jardim,10074923,18:05,37,1,0,3,2024-11-02,-43.33180688,-21.73399167,18:38:21,"Rua Romeu Pastori, 234"
423,Bom Jardim,10342892,18:05,38,0,0,3,2024-11-02,-43.33258974,-21.73432414,18:38:41,"Rua Doutor José Rafael de Souza Júnior, 350"
423,Bom Jardim,10074932,18:05,39,0,0,3,2024-11-02,-43.33308863,-21.73362153,18:39:01,"Rua Doutor José Rafael de Souza Júnior, 447 - Ponto Final do Bom Jardim"
423,Bom Jardim,10074932,18:55,1,0,0,0,2024-11-02,-43.33308863,-21.73362153,18:55,"Rua Doutor José Rafael de Souza Júnior, 447 - Ponto Final do Bom Jardim"
423,Bom Jardim,10074927,18:55,2,0,0,0,2024-11-02,-43.33266509,-21.7344519,18:56:20,"Rua Doutor José Rafael de Souza Júnior, 345"
423,Bom Jardim,10074644,18:55,3,0,0,0,2024-11-02,-43.33240888,-21.73491986,18:56:40,"Rua Romeu Pastori, 113"
423,Bom Jardim,10074650,18:55,4,0,0,0,2024-11-02,-43.33347237,-21.7345156,18:57:59,"Rua Henrique Miranda Sá, 5"
423,Bom Jardim,10074647,18:55,5,0,0,0,2024-11-02,-43.33386254,-21.73344803,18:58:19,"Rua Henrique Miranda Sá, 362"
423,Bom Jardim,10071237,18:55,6,0,0,0,2024-11-02,-43.33476662,-21.73163586,18:58:38,"Rua Henrique Miranda Sá, 40"
423,Bom Jardim,10071235,18:55,7,0,0,0,2024-11-02,-43.33555722,-21.73134336,18:58:57,"Rua Henrique Miranda Sá, 440"
423,Bom Jardim,10071262,18:55,8,0,0,0,2024-11-02,-43.33672333,-21.73103333,18:59:19,"Rua A, 245 - Escola Municipal Profa. Marlene Barros"
423,Bom Jardim,10074007,18:55,9,0,0,0,2024-11-02,-43.33874893,-21.73138237,18:59:39,"Rua A, 85"
423,Bom Jardim,10071258,18:55,10,0,0,0,2024-11-02,-43.33859253,-21.73217773,19:00:19,"Rua Felício Anjo Baldi, 111"
423,Bom Jardim,10074006,18:55,11,0,0,0,2024-11-02,-43.33692169,-21.73124886,19:00:59,"Rua A, 240"
423,Bom Jardim,10363364,18:55,12,0,0,0,2024-11-02,-43.33622619,-21.73249959,19:01:59,"Rua Canor Simões Coelho, 211"
423,Bom Jardim,10071140,18:55,13,0,0,0,2024-11-02,-43.33565367,-21.73397908,19:02:19,"Rua Canor Simoes Coelho, 31"
423,Bom Jardim,10071233,18:55,14,3,0,3,2024-11-02,-43.33447564,-21.73467193,19:02:57,"Rua Luiz Favero, 355"
423,Bom Jardim,10071141,18:55,15,2,0,5,2024-11-02,-43.33369076,-21.73585701,19:03:59,"Rua Luiz Favero, 219"
423,Bom Jardim,10071145,18:55,16,0,0,5,2024-11-02,-43.33326948,-21.73644066,19:04:39,"Rua Luiz Favero, 129"
423,Bom Jardim,10071133,18:55,17,0,0,5,2024-11-02,-43.33292007,-21.7369194,19:04:59,"Rua Luiz Favero, 71"
423,Bom Jardim,10071363,18:55,18,0,0,5,2024-11-02,-43.3321606,-21.73753497,19:05:19,"Rua Diva Garcia, 1385"
423,Bom Jardim,10071364,18:55,19,0,0,5,2024-11-02,-43.33239829,-21.73910141,19:05:39,"Rua Diva Garcia, 1195"
423,Bom Jardim,10071368,18:55,20,0,0,5,2024-11-02,-43.33536446,-21.74168567,19:06:19,"Rua Diva Garcia, 651"
423,Bom Jardim,10071366,18:55,21,0,0,5,2024-11-02,-43.33644414,-21.74201498,19:06:59,"Rua Diva Garcia, 567"
423,Bom Jardim,10071367,18:55,22,0,0,5,2024-11-02,-43.33857488,-21.74324036,19:07:39,"Rua Diva Garcia, 169"
423,Bom Jardim,10071371,18:55,23,0,0,5,2024-11-02,-43.33868301,-21.74571142,19:08:38,"Rua Vitorino Braga, 1269"
423,Bom Jardim,10074101,18:55,24,0,0,5,2024-11-02,-43.3391571,-21.74756241,19:08:58,"Rua Vitorino Braga, 1015"
423,Bom Jardim,10074103,18:55,25,0,0,5,2024-11-02,-43.34044011,-21.74875691,19:09:18,"Rua Vitorino Braga, 883"
423,Bom Jardim,10074066,18:55,26,0,0,5,2024-11-02,-43.34299265,-21.75008443,19:09:38,"Rua Vitorino Braga, 581"
423,Bom Jardim,10074062,18:55,27,2,0,7,2024-11-02,-43.3445245,-21.75106726,19:09:58,"Rua Vitorino Braga, 361"
423,Bom Jardim,10074067,18:55,28,0,0,7,2024-11-02,-43.34532261,-21.75245094,19:10:58,"Avenida Garibaldi Campinhos, 333"
423,Bom Jardim,10073807,18:55,29,0,0,7,2024-11-02,-43.34744996,-21.75424023,19:12:18,"Rua Benjamin Constant, 263"
423,Bom Jardim,10070915,18:55,30,0,0,7,2024-11-02,-43.34981918,-21.75532532,19:13:38,"Rua Benjamin Constant, 570"
423,Bom Jardim,10071108,18:55,31,0,3,4,2024-11-02,-43.34933186,-21.75814461,19:13:38,"Avenida Getúlio Vargas, 835"
423,Bom Jardim,10071108,19:25,1,0,0,0,2024-11-02,-43.34933186,-21.75814461,19:25,"Avenida Getúlio Vargas, 835"
423,Bom Jardim,10070903,19:25,2,3,0,3,2024-11-02,-43.34353638,-21.75967216,19:27:57,"Avenida Francisco Bernardino, 162"
423,Bom Jardim,10073810,19:25,3,0,0,3,2024-11-02,-43.34828949,-21.75475502,19:29:46,"Rua Benjamin Constant, 369"
423,Bom Jardim,10070909,19:25,4,0,0,3,2024-11-02,-43.34473038,-21.75289726,19:31:36,"Rua Professor Lander, 42"
423,Bom Jardim,10074098,19:25,5,0,2,1,2024-11-02,-43.34366989,-21.7511156,19:32:16,"Rua do Monte, 142"
423,Bom Jardim,10074095,19:25,6,0,0,1,2024-11-02,-43.34225988,-21.75015302,19:33:16,"Rua do Monte, 344"
423,Bom Jardim,10071422,19:25,7,0,0,1,2024-11-02,-43.3389076,-21.7482357,19:34:36,"Rua João Henrique Vila Real, 111"
423,Bom Jardim,10071430,19:25,8,0,0,1,2024-11-02,-43.33840549,-21.74709246,19:34:56,"Rua João Henrique Vila Real, 275"
423,Bom Jardim,10071439,19:25,9,0,0,1,2024-11-02,-43.33830928,-21.74333191,19:35:16,"Rua João Henrique Vila Real, 124"
423,Bom Jardim,10071442,19:25,10,0,0,1,2024-11-02,-43.33526218,-21.74197349,19:36:03,"Rua João Henrique Vila Real, 1100"
423,Bom Jardim,10071434,19:25,11,0,0,1,2024-11-02,-43.33201992,-21.73932963,19:36:49,"Rua Diva Garcia, 1180"
423,Bom Jardim,10071436,19:25,12,0,0,1,2024-11-02,-43.33041,-21.73635483,19:37:36,"Rua João Henrique Vila Real, 1580"
423,Bom Jardim,10074912,19:25,13,0,0,1,2024-11-02,-43.33000183,-21.73421798,19:38:36,"Rua Leonora Goretti, 54"
423,Bom Jardim,10074910,19:25,14,0,0,1,2024-11-02,-43.3313446,-21.73523521,19:39:16,"Rua Leonora Goretti, 230"
423,Bom Jardim,10074933,19:25,15,0,0,1,2024-11-02,-43.33237756,-21.73545997,19:39:56,"Rua Esméria de Jesus, 68"
423,Bom Jardim,10074936,19:25,16,0,0,1,2024-11-02,-43.33299494,-21.73519442,19:40:16,"Rua Henrique Miranda Sá, 128"
423,Bom Jardim,10071143,19:25,17,0,1,0,2024-11-02,-43.33363581,-21.73524113,19:40:56,"Rua Alexandre Pinto Coelho, 11"
423,Bom Jardim,10071234,19:25,18,0,0,0,2024-11-02,-43.33430684,-21.73464454,19:41:36,"Rua Luiz Favero, 336"
423,Bom Jardim,10071232,19:25,19,0,0,0,2024-11-02,-43.3347361,-21.73360456,19:41:56,"Rua Luiz Favero, 410"
423,Bom Jardim,10363366,19:25,20,0,0,0,2024-11-02,-43.33521288,-21.7325124,19:42:16,"Rua Luiz Favero, 550"
423,Bom Jardim,10071262,19:25,21,0,0,0,2024-11-02,-43.33672333,-21.73103333,19:43:02,"Rua A, 245 - Escola Municipal Profa. Marlene Barros"
423,Bom Jardim,10363368,19:25,22,0,0,0,2024-11-02,-43.3386341,-21.73204692,19:43:48,"Rua Felício Anjo Baldi, 84"
423,Bom Jardim,10071263,19:25,23,0,0,0,2024-11-02,-43.33823776,-21.73137665,19:44:34,"Rua A, 136"
423,Bom Jardim,10074006,19:25,24,0,0,0,2024-11-02,-43.33692169,-21.73124886,19:44:54,"Rua A, 240"
423,Bom Jardim,10363367,19:25,25,0,0,0,2024-11-02,-43.33563279,-21.73143333,19:45:35,"Rua Henrique Miranda Sá, 459"
423,Bom Jardim,10072120,19:25,26,0,0,0,2024-11-02,-43.33530807,-21.73003197,19:46:15,"Rua Cecília Filgueiras Fávero, 85"
423,Bom Jardim,10071238,19:25,27,3,0,3,2024-11-02,-43.33474147,-21.73181515,19:47:15,"Rua Henrique Miranda Sá, 537"
423,Bom Jardim,10342893,19:25,28,0,0,3,2024-11-02,-43.33400303,-21.73340373,19:48:15,"Rua Henrique Miranda Sá, 361"
423,Bom Jardim,10074651,19:25,29,0,0,3,2024-11-02,-43.33361017,-21.73456603,19:49:15,"Rua Henrique Miranda Sá, 227"
423,Bom Jardim,10074935,19:25,30,0,0,3,2024-11-02,-43.33241344,-21.73503218,19:49:35,"Rua Romeu Pastori, 110"
423,Bom Jardim,10074930,19:25,31,0,0,3,2024-11-02,-43.33167469,-21.73461046,19:50:13,"Rua Romeu Pastori, 204"
423,Bom Jardim,10074928,19:25,32,0,0,3,2024-11-02,-43.33092839,-21.73344406,19:51:35,"Rua Romeu Pastori, 300"
423,Bom Jardim,10074937,19:25,33,0,0,3,2024-11-02,-43.33042145,-21.733284,19:51:55,"Rua Heitor Santos Júnior, 9"
423,Bom Jardim,10074916,19:25,34,0,0,3,2024-11-02,-43.33092499,-21.7319403,19:52:15,Rua D
423,Bom Jardim,10074914,19:25,35,0,0,3,2024-11-02,-43.33146298,-21.73280008,19:53:15,Rua A
423,Bom Jardim,10074925,19:25,36,0,0,3,2024-11-02,-43.33102036,-21.73333931,19:53:35,"Rua Romeu Pastori, 301"
423,Bom Jardim,10074923,19:25,37,0,0,3,2024-11-02,-43.33180688,-21.73399167,19:53:55,"Rua Romeu Pastori, 234"
423,Bom Jardim,10342892,19:25,38,0,0,3,2024-11-02,-43.33258974,-21.73432414,19:54:15,"Rua Doutor José Rafael de Souza Júnior, 350"
423,Bom Jardim,10074932,19:25,39,0,0,3,2024-11-02,-43.33308863,-21.73362153,19:54:35,"Rua Doutor José Rafael de Souza Júnior, 447 - Ponto Final do Bom Jardim"
423,Bom Jardim,10074932,20:05,1,0,0,0,2024-11-02,-43.33308863,-21.73362153,20:05,"Rua Doutor José Rafael de Souza Júnior, 447 - Ponto Final do Bom Jardim"
423,Bom Jardim,10074927,20:05,2,5,0,5,2024-11-02,-43.33266509,-21.7344519,20:11:13,"Rua Doutor José Rafael de Souza Júnior, 345"
423,Bom Jardim,10074644,20:05,3,0,2,3,2024-11-02,-43.33240888,-21.73491986,20:12:13,"Rua Romeu Pastori, 113"
423,Bom Jardim,10074650,20:05,4,0,0,3,2024-11-02,-43.33347237,-21.7345156,20:13:13,"Rua Henrique Miranda Sá, 5"
423,Bom Jardim,10074647,20:05,5,0,0,3,2024-11-02,-43.33386254,-21.73344803,20:13:32,"Rua Henrique Miranda Sá, 362"
423,Bom Jardim,10071237,20:05,6,0,3,0,2024-11-02,-43.33476662,-21.73163586,20:13:53,"Rua Henrique Miranda Sá, 40"
423,Bom Jardim,10071235,20:05,7,0,0,0,2024-11-02,-43.33555722,-21.73134336,20:14:13,"Rua Henrique Miranda Sá, 440"
423,Bom Jardim,10071262,20:05,8,0,0,0,2024-11-02,-43.33672333,-21.73103333,20:14:33,"Rua A, 245 - Escola Municipal Profa. Marlene Barros"
423,Bom Jardim,10074007,20:05,9,0,0,0,2024-11-02,-43.33874893,-21.73138237,20:14:53,"Rua A, 85"
423,Bom Jardim,10071258,20:05,10,0,0,0,2024-11-02,-43.33859253,-21.73217773,20:15:33,"Rua Felício Anjo Baldi, 111"
423,Bom Jardim,10074006,20:05,11,0,0,0,2024-11-02,-43.33692169,-21.73124886,20:16:25,"Rua A, 240"
423,Bom Jardim,10363364,20:05,12,0,0,0,2024-11-02,-43.33622619,-21.73249959,20:17:13,"Rua Canor Simões Coelho, 211"
423,Bom Jardim,10071140,20:05,13,0,0,0,2024-11-02,-43.33565367,-21.73397908,20:17:33,"Rua Canor Simoes Coelho, 31"
423,Bom Jardim,10071233,20:05,14,1,0,1,2024-11-02,-43.33447564,-21.73467193,20:18:31,"Rua Luiz Favero, 355"
423,Bom Jardim,10071141,20:05,15,1,0,2,2024-11-02,-43.33369076,-21.73585701,20:19:12,"Rua Luiz Favero, 219"
423,Bom Jardim,10071145,20:05,16,0,0,2,2024-11-02,-43.33326948,-21.73644066,20:19:25,"Rua Luiz Favero, 129"
423,Bom Jardim,10071133,20:05,17,0,0,2,2024-11-02,-43.33292007,-21.7369194,20:19:39,"Rua Luiz Favero, 71"
423,Bom Jardim,10071363,20:05,18,0,0,2,2024-11-02,-43.3321606,-21.73753497,20:19:52,"Rua Diva Garcia, 1385"
423,Bom Jardim,10071364,20:05,19,0,0,2,2024-11-02,-43.33239829,-21.73910141,20:20:52,"Rua Diva Garcia, 1195"
423,Bom Jardim,10071368,20:05,20,0,0,2,2024-11-02,-43.33536446,-21.74168567,20:21:32,"Rua Diva Garcia, 651"
423,Bom Jardim,10071366,20:05,21,0,0,2,2024-11-02,-43.33644414,-21.74201498,20:21:52,"Rua Diva Garcia, 567"
423,Bom Jardim,10071367,20:05,22,1,0,3,2024-11-02,-43.33857488,-21.74324036,20:22:12,"Rua Diva Garcia, 169"
423,Bom Jardim,10071371,20:05,23,0,0,3,2024-11-02,-43.33868301,-21.74571142,20:22:52,"Rua Vitorino Braga, 1269"
423,Bom Jardim,10074101,20:05,24,0,1,2,2024-11-02,-43.3391571,-21.74756241,20:23:12,"Rua Vitorino Braga, 1015"
423,Bom Jardim,10074103,20:05,25,1,1,2,2024-11-02,-43.34044011,-21.74875691,20:23:32,"Rua Vitorino Braga, 883"
423,Bom Jardim,10074066,20:05,26,0,0,2,2024-11-02,-43.34299265,-21.75008443,20:24:32,"Rua Vitorino Braga, 581"
423,Bom Jardim,10074062,20:05,27,0,0,2,2024-11-02,-43.3445245,-21.75106726,20:24:52,"Rua Vitorino Braga, 361"
423,Bom Jardim,10074067,20:05,28,0,0,2,2024-11-02,-43.34532261,-21.75245094,20:25:12,"Avenida Garibaldi Campinhos, 333"
423,Bom Jardim,10073807,20:05,29,0,0,2,2024-11-02,-43.34744996,-21.75424023,20:26:32,"Rua Benjamin Constant, 263"
423,Bom Jardim,10070915,20:05,30,0,0,2,2024-11-02,-43.34981918,-21.75532532,20:27:12,"Rua Benjamin Constant, 570"
423,Bom Jardim,10071108,20:05,31,0,2,0,2024-11-02,-43.34933186,-21.75814461,20:27:12,"Avenida Getúlio Vargas, 835"
423,Bom Jardim,10071108,20:35,1,0,0,0,2024-11-02,-43.34933186,-21.75814461,20:35,"Avenida Getúlio Vargas, 835"
423,Bom Jardim,10070903,20:35,2,2,0,2,2024-11-02,-43.34353638,-21.75967216,20:39:31,"Avenida Francisco Bernardino, 162"
423,Bom Jardim,10073810,20:35,3,0,0,2,2024-11-02,-43.34828949,-21.75475502,20:41:20,"Rua Benjamin Constant, 369"
423,Bom Jardim,10070909,20:35,4,1,0,3,2024-11-02,-43.34473038,-21.75289726,20:43:10,"Rua Professor Lander, 42"
423,Bom Jardim,10074098,20:35,5,0,2,1,2024-11-02,-43.34366989,-21.7511156,20:44:30,"Rua do Monte, 142"
423,Bom Jardim,10074095,20:35,6,0,0,1,2024-11-02,-43.34225988,-21.75015302,20:45:30,"Rua do Monte, 344"
423,Bom Jardim,10071422,20:35,7,0,0,1,2024-11-02,-43.3389076,-21.7482357,20:46:50,"Rua João Henrique Vila Real, 111"
423,Bom Jardim,10071430,20:35,8,0,0,1,2024-11-02,-43.33840549,-21.74709246,20:47:10,"Rua João Henrique Vila Real, 275"
423,Bom Jardim,10071439,20:35,9,0,1,0,2024-11-02,-43.33830928,-21.74333191,20:47:30,"Rua João Henrique Vila Real, 124"
423,Bom Jardim,10071442,20:35,10,0,0,0,2024-11-02,-43.33526218,-21.74197349,20:48:40,"Rua João Henrique Vila Real, 1100"
423,Bom Jardim,10071434,20:35,11,0,0,0,2024-11-02,-43.33201992,-21.73932963,20:49:50,"Rua Diva Garcia, 1180"
423,Bom Jardim,10071436,20:35,12,0,0,0,2024-11-02,-43.33041,-21.73635483,20:50:30,"Rua João Henrique Vila Real, 1580"
423,Bom Jardim,10074912,20:35,13,1,0,1,2024-11-02,-43.33000183,-21.73421798,20:51:50,"Rua Leonora Goretti, 54"
423,Bom Jardim,10074910,20:35,14,4,1,4,2024-11-02,-43.3313446,-21.73523521,20:52:50,"Rua Leonora Goretti, 230"
423,Bom Jardim,10074933,20:35,15,1,3,2,2024-11-02,-43.33237756,-21.73545997,20:53:49,"Rua Esméria de Jesus, 68"
423,Bom Jardim,10074936,20:35,16,0,2,0,2024-11-02,-43.33299494,-21.73519442,20:54:18,"Rua Henrique Miranda Sá, 128"
423,Bom Jardim,10071143,20:35,17,0,0,0,2024-11-02,-43.33363581,-21.73524113,20:54:49,"Rua Alexandre Pinto Coelho, 11"
423,Bom Jardim,10071234,20:35,18,0,0,0,2024-11-02,-43.33430684,-21.73464454,20:55:29,"Rua Luiz Favero, 336"
423,Bom Jardim,10071232,20:35,19,0,0,0,2024-11-02,-43.3347361,-21.73360456,20:56:09,"Rua Luiz Favero, 410"
423,Bom Jardim,10363366,20:35,20,0,0,0,2024-11-02,-43.33521288,-21.7325124,20:56:29,"Rua Luiz Favero, 550"
423,Bom Jardim,10071262,20:35,21,0,0,0,2024-11-02,-43.33672333,-21.73103333,20:57:09,"Rua A, 245 - Escola Municipal Profa. Marlene Barros"
423,Bom Jardim,10363368,20:35,22,0,0,0,2024-11-02,-43.3386341,-21.73204692,20:58:08,"Rua Felício Anjo Baldi, 84"
423,Bom Jardim,10071263,20:35,23,0,0,0,2024-11-02,-43.33823776,-21.73137665,20:58:49,"Rua A, 136"
423,Bom Jardim,10074006,20:35,24,0,0,0,2024-11-02,-43.33692169,-21.73124886,20:59:29,"Rua A, 240"
423,Bom Jardim,10363367,20:35,25,0,0,0,2024-11-02,-43.33563279,-21.73143333,21:00:09,"Rua Henrique Miranda Sá, 459"
423,Bom Jardim,10072120,20:35,26,0,0,0,2024-11-02,-43.33530807,-21.73003197,21:00:29,"Rua Cecília Filgueiras Fávero, 85"
423,Bom Jardim,10071238,20:35,27,0,0,0,2024-11-02,-43.33474147,-21.73181515,21:00:49,"Rua Henrique Miranda Sá, 537"
423,Bom Jardim,10342893,20:35,28,0,0,0,2024-11-02,-43.33400303,-21.73340373,21:02:09,"Rua Henrique Miranda Sá, 361"
423,Bom Jardim,10074651,20:35,29,0,0,0,2024-11-02,-43.33361017,-21.73456603,21:02:29,"Rua Henrique Miranda Sá, 227"
423,Bom Jardim,10074935,20:35,30,0,0,0,2024-11-02,-43.33241344,-21.73503218,21:02:49,"Rua Romeu Pastori, 110"
423,Bom Jardim,10074930,20:35,31,0,0,0,2024-11-02,-43.33167469,-21.73461046,21:03:09,"Rua Romeu Pastori, 204"
423,Bom Jardim,10074928,20:35,32,0,0,0,2024-11-02,-43.33092839,-21.73344406,21:04:09,"Rua Romeu Pastori, 300"
423,Bom Jardim,10074937,20:35,33,0,0,0,2024-11-02,-43.33042145,-21.733284,21:04:38,"Rua Heitor Santos Júnior, 9"
423,Bom Jardim,10074916,20:35,34,0,0,0,2024-11-02,-43.33092499,-21.7319403,21:05:08,Rua D
423,Bom Jardim,10074914,20:35,35,2,0,2,2024-11-02,-43.33146298,-21.73280008,21:06:08,Rua A
423,Bom Jardim,10074925,20:35,36,0,0,2,2024-11-02,-43.33102036,-21.73333931,21:06:28,"Rua Romeu Pastori, 301"
423,Bom Jardim,10074923,20:35,37,0,0,2,2024-11-02,-43.33180688,-21.73399167,21:06:48,"Rua Romeu Pastori, 234"
423,Bom Jardim,10342892,20:35,38,0,0,2,2024-11-02,-43.33258974,-21.73432414,21:07:08,"Rua Doutor José Rafael de Souza Júnior, 350"
423,Bom Jardim,10074932,20:35,39,0,0,2,2024-11-02,-43.33308863,-21.73362153,21:07:28,"Rua Doutor José Rafael de Souza Júnior, 447 - Ponto Final do Bom Jardim"
423,Bom Jardim,10071108,21:45,1,0,0,0,2024-11-02,-43.34933186,-21.75814461,21:45,"Avenida Getúlio Vargas, 835"
423,Bom Jardim,10070903,21:45,2,5,0,5,2024-11-02,-43.34353638,-21.75967216,21:47:24,"Avenida Francisco Bernardino, 162"
423,Bom Jardim,10073810,21:45,3,0,0,5,2024-11-02,-43.34828949,-21.75475502,21:49:04,"Rua Benjamin Constant, 369"
423,Bom Jardim,10070909,21:45,4,4,0,9,2024-11-02,-43.34473038,-21.75289726,21:50:44,"Rua Professor Lander, 42"
423,Bom Jardim,10074098,21:45,5,0,2,7,2024-11-02,-43.34366989,-21.7511156,21:52:24,"Rua do Monte, 142"
423,Bom Jardim,10074095,21:45,6,1,0,8,2024-11-02,-43.34225988,-21.75015302,21:53:24,"Rua do Monte, 344"
423,Bom Jardim,10071422,21:45,7,0,0,8,2024-11-02,-43.3389076,-21.7482357,21:54:04,"Rua João Henrique Vila Real, 111"
423,Bom Jardim,10071430,21:45,8,0,0,8,2024-11-02,-43.33840549,-21.74709246,21:54:44,"Rua João Henrique Vila Real, 275"
423,Bom Jardim,10071439,21:45,9,0,1,7,2024-11-02,-43.33830928,-21.74333191,21:55:24,"Rua João Henrique Vila Real, 124"
423,Bom Jardim,10071442,21:45,10,0,0,7,2024-11-02,-43.33526218,-21.74197349,21:56:24,"Rua João Henrique Vila Real, 1100"
423,Bom Jardim,10071434,21:45,11,0,1,6,2024-11-02,-43.33201992,-21.73932963,21:57:04,"Rua Diva Garcia, 1180"
423,Bom Jardim,10071436,21:45,12,0,5,1,2024-11-02,-43.33041,-21.73635483,21:58:04,"Rua João Henrique Vila Real, 1580"
423,Bom Jardim,10074912,21:45,13,0,1,0,2024-11-02,-43.33000183,-21.73421798,21:59:23,"Rua Leonora Goretti, 54"
423,Bom Jardim,10074910,21:45,14,0,0,0,2024-11-02,-43.3313446,-21.73523521,22:00:23,"Rua Leonora Goretti, 230"
423,Bom Jardim,10074933,21:45,15,0,0,0,2024-11-02,-43.33237756,-21.73545997,22:00:43,"Rua Esméria de Jesus, 68"
423,Bom Jardim,10074936,21:45,16,1,0,1,2024-11-02,-43.33299494,-21.73519442,22:01:03,"Rua Henrique Miranda Sá, 128"
423,Bom Jardim,10071143,21:45,17,0,0,1,2024-11-02,-43.33363581,-21.73524113,22:01:43,"Rua Alexandre Pinto Coelho, 11"
423,Bom Jardim,10071234,21:45,18,0,0,1,2024-11-02,-43.33430684,-21.73464454,22:02:03,"Rua Luiz Favero, 336"
423,Bom Jardim,10071232,21:45,19,0,0,1,2024-11-02,-43.3347361,-21.73360456,22:02:23,"Rua Luiz Favero, 410"
423,Bom Jardim,10363366,21:45,20,0,0,1,2024-11-02,-43.33521288,-21.7325124,22:03:23,"Rua Luiz Favero, 550"
423,Bom Jardim,10071262,21:45,21,0,0,1,2024-11-02,-43.33672333,-21.73103333,22:03:53,"Rua A, 245 - Escola Municipal Profa. Marlene Barros"
423,Bom Jardim,10363368,21:45,22,0,0,1,2024-11-02,-43.3386341,-21.73204692,22:04:23,"Rua Felício Anjo Baldi, 84"
423,Bom Jardim,10071263,21:45,23,0,0,1,2024-11-02,-43.33823776,-21.73137665,22:05:23,"Rua A, 136"
423,Bom Jardim,10074006,21:45,24,0,0,1,2024-11-02,-43.33692169,-21.73124886,22:05:43,"Rua A, 240"
423,Bom Jardim,10363367,21:45,25,0,0,1,2024-11-02,-43.33563279,-21.73143333,22:06:03,"Rua Henrique Miranda Sá, 459"
423,Bom Jardim,10072120,21:45,26,0,0,1,2024-11-02,-43.33530807,-21.73003197,22:06:43,"Rua Cecília Filgueiras Fávero, 85"
423,Bom Jardim,10071238,21:45,27,0,1,0,2024-11-02,-43.33474147,-21.73181515,22:07:03,"Rua Henrique Miranda Sá, 537"
423,Bom Jardim,10342893,21:45,28,0,0,0,2024-11-02,-43.33400303,-21.73340373,22:08:22,"Rua Henrique Miranda Sá, 361"
423,Bom Jardim,10074651,21:45,29,0,0,0,2024-11-02,-43.33361017,-21.73456603,22:08:42,"Rua Henrique Miranda Sá, 227"
423,Bom Jardim,10074935,21:45,30,0,0,0,2024-11-02,-43.33241344,-21.73503218,22:09:22,"Rua Romeu Pastori, 110"
423,Bom Jardim,10074930,21:45,31,0,0,0,2024-11-02,-43.33167469,-21.73461046,22:10,"Rua Romeu Pastori, 204"
423,Bom Jardim,10074928,21:45,32,0,0,0,2024-11-02,-43.33092839,-21.73344406,22:11:02,"Rua Romeu Pastori, 300"
423,Bom Jardim,10074937,21:45,33,0,0,0,2024-11-02,-43.33042145,-21.733284,22:11:18,"Rua Heitor Santos Júnior, 9"
423,Bom Jardim,10074916,21:45,34,0,0,0,2024-11-02,-43.33092499,-21.7319403,22:11:35,Rua D
423,Bom Jardim,10074914,21:45,35,0,0,0,2024-11-02,-43.33146298,-21.73280008,22:12:22,Rua A
423,Bom Jardim,10074925,21:45,36,0,0,0,2024-11-02,-43.33102036,-21.73333931,22:12:42,"Rua Romeu Pastori, 301"
423,Bom Jardim,10074923,21:45,37,0,0,0,2024-11-02,-43.33180688,-21.73399167,22:13:02,"Rua Romeu Pastori, 234"
423,Bom Jardim,10342892,21:45,38,0,0,0,2024-11-02,-43.33258974,-21.73432414,22:13:22,"Rua Doutor José Rafael de Souza Júnior, 350"
423,Bom Jardim,10074932,21:45,39,0,0,0,2024-11-02,-43.33308863,-21.73362153,22:13:42,"Rua Doutor José Rafael de Souza Júnior, 447 - Ponto Final do Bom Jardim"
